id;provincia;ingreso;zona;obra_social;edad;jubilado;bancarizado;negativo;casado;hijos;sexo;auto
1;CORDOBA;10M-20M;INTERIOR;otros;40;NO;NO;NO;NO;NO;M;SI
2;BUENOS_AIRES;0M-10M;ZONA_SUR;406;46;NO;SI;NO;NO;NO;F;SI
3;TUCUMAN;10M-20M;INTERIOR;126205;31;NO;SI;NO;NO;NO;M;SI
4;BUENOS_AIRES;10M-20M;ZONA_NORTE;otros;45;NO;SI;NO;NO;SI;F;SI
5;CORDOBA;20M-30M;INTERIOR;otros;59;NO;SI;NO;NO;NO;M;NO
6;ENTRE_RIOS;0M-10M;INTERIOR;106302;62;NO;NO;NO;NO;NO;M;NO
7;BUENOS_AIRES;0M-10M;ZONA_SUR;113809;26;NO;NO;NO;NO;NO;M;SI
8;CAPITAL_FEDERAL;30M-50M;CAPITAL_FEDERAL;406;52;NO;NO;NO;NO;NO;M;SI
9;BUENOS_AIRES;10M-20M;ZONA_SUR;otros;52;NO;NO;NO;NO;NO;M;SI
10;CAPITAL_FEDERAL;0M-10M;CAPITAL_FEDERAL;400800;48;NO;SI;NO;NO;NO;M;SI
11;MENDOZA;20M-30M;INTERIOR;406;54;NO;SI;SI;NO;SI;M;SI
12;BUENOS_AIRES;50M+;ZONA_NORTE;400800;32;NO;SI;NO;NO;NO;M;SI
13;BUENOS_AIRES;20M-30M;ZONA_NORTE;otros;54;NO;SI;NO;NO;NO;F;NO
14;SANTA_FE;10M-20M;INTERIOR;otros;37;NO;NO;NO;NO;NO;F;SI
15;BUENOS_AIRES;50M+;ZONA_NORTE;406;48;NO;SI;NO;SI;SI;M;SI
16;BUENOS_AIRES;10M-20M;ZONA_SUR;126205;39;NO;SI;NO;NO;NO;M;SI
17;BUENOS_AIRES;10M-20M;ZONA_OESTE;otros;41;NO;NO;NO;NO;NO;F;SI
18;CAPITAL_FEDERAL;30M-50M;CAPITAL_FEDERAL;406;47;NO;SI;NO;NO;NO;M;NO
19;CAPITAL_FEDERAL;30M-50M;CAPITAL_FEDERAL;400909;28;NO;NO;NO;NO;NO;M;SI
20;SANTIAGO_DEL_ESTERO;20M-30M;INTERIOR;otros;56;NO;SI;NO;NO;SI;M;NO
21;BUENOS_AIRES;0M-10M;ZONA_SUR;otros;45;NO;NO;SI;NO;NO;M;NO
22;BUENOS_AIRES;30M-50M;ZONA_SUR;otros;39;NO;SI;NO;SI;SI;M;NO
23;BUENOS_AIRES;30M-50M;ZONA_OESTE;otros;40;NO;SI;NO;NO;NO;M;SI
24;BUENOS_AIRES;50M+;ZONA_SUR;113809;37;NO;NO;NO;NO;NO;M;SI
25;BUENOS_AIRES;50M+;INTERIOR;otros;49;NO;SI;NO;SI;SI;M;SI
26;BUENOS_AIRES;50M+;INTERIOR;otros;56;NO;SI;NO;SI;SI;M;SI
27;BUENOS_AIRES;20M-30M;ZONA_OESTE;otros;42;NO;NO;NO;SI;SI;M;SI
28;SANTA_FE;10M-20M;INTERIOR;otros;34;NO;NO;NO;NO;NO;F;SI
29;SANTA_FE;20M-30M;INTERIOR;otros;37;NO;SI;NO;NO;NO;F;NO
30;BUENOS_AIRES;20M-30M;INTERIOR;otros;29;NO;NO;SI;NO;NO;M;NO
31;SANTA_FE;10M-20M;INTERIOR;otros;44;NO;NO;NO;NO;NO;M;SI
32;CAPITAL_FEDERAL;0M-10M;CAPITAL_FEDERAL;126205;41;NO;NO;NO;NO;NO;M;SI
33;BUENOS_AIRES;20M-30M;ZONA_SUR;otros;30;NO;SI;NO;NO;NO;M;SI
34;BUENOS_AIRES;30M-50M;ZONA_SUR;113809;41;NO;SI;NO;NO;NO;F;SI
35;BUENOS_AIRES;0M-10M;INTERIOR;126205;42;NO;NO;NO;NO;NO;F;SI
36;BUENOS_AIRES;10M-20M;ZONA_SUR;otros;63;NO;NO;NO;NO;NO;F;NO
37;SANTA_FE;10M-20M;INTERIOR;400909;54;NO;SI;NO;NO;NO;F;SI
38;SANTA_FE;10M-20M;INTERIOR;otros;38;NO;NO;SI;NO;NO;F;NO
39;BUENOS_AIRES;10M-20M;ZONA_OESTE;otros;49;NO;SI;NO;NO;NO;F;SI
40;BUENOS_AIRES;10M-20M;INTERIOR;otros;38;NO;SI;NO;NO;NO;F;NO
41;SANTA_FE;0M-10M;INTERIOR;otros;55;NO;NO;SI;SI;NO;M;SI
42;CORDOBA;0M-10M;INTERIOR;otros;68;SI;NO;NO;NO;NO;M;SI
43;CORDOBA;50M+;INTERIOR;400909;48;NO;SI;NO;NO;SI;M;SI
44;SALTA;10M-20M;INTERIOR;otros;52;NO;SI;NO;SI;SI;F;SI
45;CHUBUT;50M+;INTERIOR;otros;41;NO;SI;NO;NO;SI;M;SI
46;CAPITAL_FEDERAL;30M-50M;CAPITAL_FEDERAL;otros;64;NO;SI;SI;SI;SI;F;SI
47;BUENOS_AIRES;0M-10M;INTERIOR;126205;38;NO;NO;SI;NO;NO;M;SI
48;BUENOS_AIRES;0M-10M;ZONA_NORTE;otros;32;NO;NO;SI;NO;NO;M;SI
49;CAPITAL_FEDERAL;20M-30M;CAPITAL_FEDERAL;400800;42;NO;NO;NO;NO;NO;M;NO
50;BUENOS_AIRES;10M-20M;INTERIOR;126205;40;NO;SI;NO;NO;NO;F;SI
51;BUENOS_AIRES;30M-50M;INTERIOR;otros;42;NO;SI;SI;NO;NO;M;NO
52;ENTRE_RIOS;0M-10M;INTERIOR;otros;62;NO;SI;NO;NO;NO;M;NO
53;CORDOBA;30M-50M;INTERIOR;otros;60;NO;SI;NO;SI;NO;F;SI
54;BUENOS_AIRES;10M-20M;ZONA_SUR;126205;34;NO;SI;NO;NO;NO;M;SI
55;BUENOS_AIRES;10M-20M;ZONA_SUR;otros;43;NO;SI;NO;NO;NO;M;SI
56;BUENOS_AIRES;10M-20M;ZONA_OESTE;otros;43;NO;SI;NO;NO;NO;F;NO
57;SALTA;10M-20M;INTERIOR;otros;46;NO;SI;NO;NO;NO;F;NO
58;BUENOS_AIRES;10M-20M;INTERIOR;otros;43;NO;NO;SI;NO;SI;M;NO
59;BUENOS_AIRES;10M-20M;INTERIOR;otros;30;NO;SI;SI;NO;NO;F;NO
60;CAPITAL_FEDERAL;30M-50M;CAPITAL_FEDERAL;400800;37;NO;SI;NO;NO;NO;F;SI
61;BUENOS_AIRES;30M-50M;ZONA_SUR;otros;40;NO;NO;NO;NO;NO;F;SI
62;BUENOS_AIRES;10M-20M;INTERIOR;otros;56;NO;NO;NO;NO;NO;M;SI
63;BUENOS_AIRES;10M-20M;INTERIOR;400909;51;NO;NO;NO;NO;NO;F;SI
64;SANTA_FE;10M-20M;INTERIOR;otros;51;NO;SI;NO;NO;NO;M;NO
65;JUJUY;0M-10M;INTERIOR;otros;37;NO;NO;NO;NO;NO;M;SI
66;BUENOS_AIRES;20M-30M;ZONA_SUR;otros;64;NO;SI;NO;NO;NO;M;SI
67;CORDOBA;0M-10M;INTERIOR;otros;54;NO;SI;NO;NO;SI;F;NO
68;CAPITAL_FEDERAL;20M-30M;CAPITAL_FEDERAL;126205;57;NO;NO;NO;NO;NO;F;SI
69;ENTRE_RIOS;0M-10M;INTERIOR;500807;60;SI;SI;NO;SI;NO;M;SI
70;BUENOS_AIRES;0M-10M;INTERIOR;106302;31;NO;NO;NO;NO;NO;F;NO
71;BUENOS_AIRES;10M-20M;ZONA_SUR;otros;42;NO;NO;NO;NO;SI;M;SI
72;CAPITAL_FEDERAL;10M-20M;CAPITAL_FEDERAL;otros;54;NO;SI;NO;SI;SI;M;SI
73;CORDOBA;30M-50M;INTERIOR;otros;38;NO;SI;NO;NO;NO;M;SI
74;BUENOS_AIRES;10M-20M;ZONA_OESTE;otros;43;NO;SI;NO;NO;NO;M;SI
75;BUENOS_AIRES;10M-20M;ZONA_NORTE;500807;68;SI;NO;NO;NO;NO;F;NO
76;BUENOS_AIRES;20M-30M;ZONA_NORTE;otros;33;NO;NO;NO;NO;NO;M;SI
77;MENDOZA;10M-20M;INTERIOR;126205;43;NO;SI;NO;NO;NO;M;SI
78;CAPITAL_FEDERAL;10M-20M;CAPITAL_FEDERAL;otros;53;NO;NO;NO;NO;NO;M;SI
79;BUENOS_AIRES;20M-30M;ZONA_SUR;otros;60;NO;SI;NO;NO;NO;M;NO
80;BUENOS_AIRES;30M-50M;INTERIOR;otros;25;NO;SI;NO;NO;NO;M;SI
81;CHUBUT;50M+;INTERIOR;400800;58;NO;NO;NO;SI;NO;M;SI
82;BUENOS_AIRES;0M-10M;ZONA_SUR;113809;35;NO;NO;SI;NO;NO;F;NO
83;BUENOS_AIRES;0M-10M;ZONA_NORTE;126205;59;NO;SI;NO;NO;NO;F;NO
84;SANTA_FE;0M-10M;INTERIOR;otros;64;NO;SI;NO;NO;NO;M;SI
85;CORDOBA;20M-30M;INTERIOR;otros;48;NO;SI;NO;NO;NO;F;SI
86;BUENOS_AIRES;30M-50M;ZONA_SUR;126205;49;NO;SI;SI;NO;SI;M;NO
87;BUENOS_AIRES;10M-20M;ZONA_OESTE;otros;42;NO;SI;NO;NO;NO;F;NO
88;CAPITAL_FEDERAL;10M-20M;CAPITAL_FEDERAL;otros;40;NO;NO;NO;SI;SI;M;SI
89;SANTA_FE;10M-20M;INTERIOR;otros;65;NO;NO;SI;SI;SI;M;NO
90;BUENOS_AIRES;10M-20M;ZONA_NORTE;113809;31;NO;SI;NO;NO;NO;F;NO
91;JUJUY;0M-10M;INTERIOR;otros;30;NO;SI;NO;NO;NO;M;SI
92;BUENOS_AIRES;10M-20M;ZONA_SUR;406;43;NO;NO;NO;NO;NO;F;SI
93;BUENOS_AIRES;30M-50M;INTERIOR;113809;35;NO;SI;NO;NO;NO;M;SI
94;SANTA_FE;10M-20M;INTERIOR;otros;46;NO;NO;NO;SI;SI;M;SI
95;BUENOS_AIRES;20M-30M;INTERIOR;otros;61;NO;SI;NO;NO;NO;M;SI
96;BUENOS_AIRES;10M-20M;INTERIOR;126205;36;NO;NO;NO;NO;NO;M;NO
97;CAPITAL_FEDERAL;20M-30M;CAPITAL_FEDERAL;otros;30;NO;NO;NO;NO;NO;F;SI
98;JUJUY;10M-20M;INTERIOR;otros;56;NO;SI;NO;NO;NO;F;SI
99;MENDOZA;50M+;INTERIOR;400800;35;NO;SI;NO;SI;SI;M;SI
100;BUENOS_AIRES;0M-10M;ZONA_OESTE;otros;35;NO;NO;NO;NO;NO;F;NO
101;SANTA_FE;10M-20M;INTERIOR;otros;45;NO;SI;NO;SI;NO;M;NO
102;BUENOS_AIRES;20M-30M;ZONA_NORTE;otros;51;NO;SI;NO;NO;NO;M;SI
103;TUCUMAN;20M-30M;INTERIOR;otros;36;NO;NO;SI;NO;NO;M;NO
104;SANTA_FE;10M-20M;INTERIOR;otros;36;NO;SI;NO;NO;NO;M;SI
105;CORDOBA;10M-20M;INTERIOR;otros;54;NO;NO;NO;NO;NO;F;NO
106;BUENOS_AIRES;20M-30M;INTERIOR;otros;45;NO;SI;NO;NO;SI;F;SI
107;JUJUY;10M-20M;INTERIOR;otros;54;NO;SI;NO;NO;NO;M;SI
108;BUENOS_AIRES;20M-30M;ZONA_OESTE;otros;37;NO;NO;NO;NO;NO;M;NO
109;CAPITAL_FEDERAL;20M-30M;CAPITAL_FEDERAL;113809;42;NO;SI;NO;NO;NO;F;SI
110;MENDOZA;20M-30M;INTERIOR;otros;49;NO;SI;NO;SI;SI;M;SI
111;BUENOS_AIRES;10M-20M;ZONA_SUR;otros;44;NO;NO;NO;NO;NO;F;NO
112;BUENOS_AIRES;10M-20M;ZONA_OESTE;406;36;NO;NO;NO;NO;NO;M;NO
113;BUENOS_AIRES;20M-30M;INTERIOR;500807;69;SI;NO;NO;NO;NO;F;SI
114;BUENOS_AIRES;0M-10M;ZONA_OESTE;otros;19;NO;NO;NO;NO;NO;M;NO
115;BUENOS_AIRES;0M-10M;INTERIOR;106302;42;NO;SI;NO;NO;NO;M;SI
116;BUENOS_AIRES;30M-50M;ZONA_NORTE;otros;32;NO;SI;NO;NO;NO;M;SI
117;BUENOS_AIRES;0M-10M;ZONA_NORTE;126205;32;NO;NO;NO;NO;NO;M;SI
118;SANTA_FE;10M-20M;INTERIOR;otros;51;NO;SI;NO;SI;SI;M;SI
119;CORDOBA;10M-20M;INTERIOR;400909;25;NO;NO;NO;NO;NO;F;NO
120;BUENOS_AIRES;30M-50M;ZONA_SUR;otros;31;NO;NO;NO;NO;NO;M;SI
121;CHUBUT;30M-50M;INTERIOR;otros;39;NO;SI;NO;NO;NO;F;SI
122;CAPITAL_FEDERAL;10M-20M;CAPITAL_FEDERAL;otros;47;NO;NO;NO;NO;SI;M;NO
123;MISIONES;20M-30M;INTERIOR;otros;49;NO;SI;NO;SI;SI;M;NO
124;BUENOS_AIRES;0M-10M;ZONA_SUR;otros;34;NO;SI;NO;NO;SI;M;NO
125;BUENOS_AIRES;30M-50M;INTERIOR;otros;48;NO;SI;NO;SI;SI;M;SI
126;SANTA_FE;20M-30M;INTERIOR;otros;29;NO;SI;NO;NO;NO;F;SI
127;BUENOS_AIRES;20M-30M;ZONA_SUR;500807;80;SI;NO;NO;NO;NO;F;SI
128;JUJUY;0M-10M;INTERIOR;otros;49;NO;SI;NO;NO;NO;F;NO
129;BUENOS_AIRES;20M-30M;ZONA_OESTE;otros;57;NO;SI;NO;NO;SI;M;SI
130;BUENOS_AIRES;0M-10M;INTERIOR;126205;47;NO;SI;NO;NO;SI;F;SI
131;BUENOS_AIRES;10M-20M;ZONA_OESTE;otros;55;NO;SI;SI;NO;NO;F;SI
132;FORMOSA;20M-30M;INTERIOR;400909;37;NO;SI;NO;NO;NO;F;NO
133;BUENOS_AIRES;20M-30M;ZONA_SUR;400800;52;NO;SI;NO;NO;NO;M;SI
134;BUENOS_AIRES;10M-20M;ZONA_SUR;otros;30;NO;SI;NO;NO;NO;F;SI
135;BUENOS_AIRES;20M-30M;ZONA_SUR;400909;36;NO;NO;NO;NO;NO;F;NO
136;CORRIENTES;20M-30M;INTERIOR;500807;84;SI;NO;NO;NO;NO;M;SI
137;BUENOS_AIRES;20M-30M;ZONA_SUR;126205;44;NO;NO;NO;NO;SI;M;SI
138;TUCUMAN;10M-20M;INTERIOR;otros;42;NO;SI;NO;NO;NO;M;SI
139;CORDOBA;0M-10M;INTERIOR;otros;48;NO;SI;NO;NO;SI;F;NO
140;SALTA;50M+;INTERIOR;400800;40;NO;SI;NO;NO;NO;M;SI
141;BUENOS_AIRES;20M-30M;INTERIOR;126205;62;NO;NO;NO;SI;NO;M;NO
142;BUENOS_AIRES;30M-50M;ZONA_OESTE;400909;61;NO;SI;NO;SI;NO;M;SI
143;BUENOS_AIRES;20M-30M;INTERIOR;otros;33;NO;NO;NO;NO;NO;M;SI
144;BUENOS_AIRES;20M-30M;ZONA_OESTE;otros;45;NO;SI;NO;NO;NO;M;NO
145;SANTA_FE;10M-20M;INTERIOR;otros;76;NO;NO;NO;NO;NO;F;SI
146;BUENOS_AIRES;30M-50M;INTERIOR;otros;58;NO;SI;SI;SI;NO;F;NO
147;BUENOS_AIRES;30M-50M;ZONA_NORTE;400909;45;NO;SI;NO;NO;NO;F;NO
148;CHACO;50M+;INTERIOR;406;49;NO;SI;NO;NO;SI;F;SI
149;BUENOS_AIRES;20M-30M;ZONA_NORTE;126205;41;NO;SI;NO;NO;SI;M;SI
150;BUENOS_AIRES;0M-10M;ZONA_NORTE;otros;45;NO;NO;SI;NO;NO;M;NO
151;CAPITAL_FEDERAL;50M+;CAPITAL_FEDERAL;otros;46;NO;SI;NO;NO;SI;M;SI
152;CORDOBA;0M-10M;INTERIOR;otros;49;NO;SI;NO;NO;NO;F;NO
153;BUENOS_AIRES;0M-10M;ZONA_NORTE;500807;74;SI;NO;NO;NO;NO;F;NO
154;CAPITAL_FEDERAL;0M-10M;CAPITAL_FEDERAL;406;43;NO;SI;NO;NO;NO;M;SI
155;SALTA;20M-30M;INTERIOR;otros;60;NO;SI;NO;SI;SI;M;NO
156;MENDOZA;10M-20M;INTERIOR;otros;54;NO;SI;NO;NO;NO;M;SI
157;BUENOS_AIRES;20M-30M;ZONA_SUR;otros;59;NO;SI;NO;SI;NO;M;SI
158;BUENOS_AIRES;20M-30M;INTERIOR;otros;39;NO;NO;SI;SI;NO;M;SI
159;BUENOS_AIRES;10M-20M;INTERIOR;126205;79;SI;NO;NO;NO;NO;F;SI
160;BUENOS_AIRES;10M-20M;INTERIOR;otros;67;NO;NO;NO;NO;NO;F;SI
161;CHUBUT;50M+;INTERIOR;otros;39;NO;SI;NO;NO;NO;M;SI
162;BUENOS_AIRES;10M-20M;INTERIOR;otros;33;NO;NO;NO;NO;SI;M;SI
163;CHUBUT;10M-20M;INTERIOR;otros;33;NO;NO;NO;NO;NO;F;NO
164;BUENOS_AIRES;10M-20M;ZONA_NORTE;otros;68;SI;SI;NO;NO;NO;M;SI
165;BUENOS_AIRES;10M-20M;ZONA_SUR;otros;48;NO;SI;NO;NO;NO;F;NO
166;TUCUMAN;20M-30M;INTERIOR;otros;62;NO;SI;NO;NO;SI;M;NO
167;CAPITAL_FEDERAL;50M+;CAPITAL_FEDERAL;otros;56;NO;SI;NO;NO;NO;F;SI
168;BUENOS_AIRES;10M-20M;ZONA_SUR;406;29;NO;SI;NO;NO;NO;M;SI
169;SANTA_FE;30M-50M;INTERIOR;otros;39;NO;NO;NO;NO;NO;M;SI
170;CORDOBA;50M+;INTERIOR;106302;45;NO;SI;NO;NO;NO;F;SI
171;SANTA_FE;20M-30M;INTERIOR;otros;36;NO;NO;NO;NO;NO;M;SI
172;CAPITAL_FEDERAL;30M-50M;CAPITAL_FEDERAL;400909;51;NO;SI;SI;NO;NO;F;NO
173;CORDOBA;20M-30M;INTERIOR;106302;60;NO;SI;NO;NO;NO;F;NO
174;BUENOS_AIRES;50M+;ZONA_SUR;400909;43;NO;SI;NO;SI;SI;M;SI
175;SANTA_FE;10M-20M;INTERIOR;106302;39;NO;SI;NO;NO;NO;F;NO
176;CORRIENTES;10M-20M;INTERIOR;126205;44;NO;SI;SI;NO;SI;M;SI
177;SANTIAGO_DEL_ESTERO;0M-10M;INTERIOR;113809;46;NO;SI;NO;NO;NO;M;SI
178;SALTA;50M+;INTERIOR;otros;52;NO;SI;NO;NO;NO;M;SI
179;BUENOS_AIRES;30M-50M;INTERIOR;406;55;NO;SI;NO;NO;NO;M;SI
180;CAPITAL_FEDERAL;30M-50M;CAPITAL_FEDERAL;400800;39;NO;SI;NO;NO;NO;M;SI
181;CAPITAL_FEDERAL;10M-20M;CAPITAL_FEDERAL;otros;51;NO;NO;SI;NO;NO;M;SI
182;CAPITAL_FEDERAL;10M-20M;CAPITAL_FEDERAL;406;39;NO;NO;NO;NO;NO;M;NO
183;SANTA_FE;10M-20M;INTERIOR;106302;34;NO;NO;NO;NO;NO;F;SI
184;BUENOS_AIRES;10M-20M;INTERIOR;otros;26;NO;NO;NO;NO;NO;F;NO
185;CORRIENTES;50M+;INTERIOR;otros;36;NO;SI;NO;SI;NO;M;SI
186;JUJUY;20M-30M;INTERIOR;400909;36;NO;SI;NO;NO;NO;M;NO
187;BUENOS_AIRES;30M-50M;INTERIOR;400909;39;NO;SI;NO;SI;SI;M;SI
188;CAPITAL_FEDERAL;10M-20M;CAPITAL_FEDERAL;otros;62;NO;SI;NO;NO;NO;F;NO
189;CAPITAL_FEDERAL;20M-30M;CAPITAL_FEDERAL;106302;69;NO;NO;NO;NO;NO;F;SI
190;BUENOS_AIRES;30M-50M;ZONA_SUR;400909;58;NO;SI;SI;NO;NO;F;SI
191;BUENOS_AIRES;20M-30M;INTERIOR;otros;48;NO;NO;SI;NO;SI;F;NO
192;BUENOS_AIRES;30M-50M;ZONA_NORTE;400800;63;NO;SI;NO;NO;NO;M;NO
193;SANTIAGO_DEL_ESTERO;10M-20M;INTERIOR;otros;35;NO;SI;NO;NO;NO;F;SI
194;CAPITAL_FEDERAL;30M-50M;CAPITAL_FEDERAL;400909;52;NO;SI;NO;NO;NO;F;NO
195;BUENOS_AIRES;30M-50M;ZONA_SUR;400800;36;NO;SI;NO;NO;NO;M;SI
196;SANTA_FE;50M+;INTERIOR;106302;51;NO;NO;NO;NO;NO;F;SI
197;ENTRE_RIOS;20M-30M;INTERIOR;126205;49;NO;SI;NO;NO;NO;M;SI
198;BUENOS_AIRES;20M-30M;ZONA_SUR;otros;45;NO;NO;NO;NO;NO;M;SI
199;BUENOS_AIRES;0M-10M;INTERIOR;500807;85;SI;NO;NO;SI;NO;M;NO
200;CAPITAL_FEDERAL;10M-20M;CAPITAL_FEDERAL;113809;61;NO;NO;NO;NO;NO;M;SI
201;SANTA_FE;10M-20M;INTERIOR;otros;21;NO;NO;NO;NO;NO;F;SI
202;LA_PAMPA;30M-50M;INTERIOR;106302;40;NO;SI;NO;NO;NO;F;SI
203;CAPITAL_FEDERAL;30M-50M;CAPITAL_FEDERAL;406;49;NO;SI;NO;NO;NO;M;SI
204;BUENOS_AIRES;10M-20M;ZONA_NORTE;otros;43;NO;NO;SI;NO;NO;M;NO
205;BUENOS_AIRES;10M-20M;ZONA_SUR;otros;55;NO;NO;NO;SI;NO;M;SI
206;CAPITAL_FEDERAL;30M-50M;CAPITAL_FEDERAL;400800;36;NO;NO;NO;NO;NO;M;SI
207;BUENOS_AIRES;0M-10M;INTERIOR;otros;59;NO;NO;NO;SI;NO;M;NO
208;CAPITAL_FEDERAL;10M-20M;CAPITAL_FEDERAL;otros;55;NO;SI;NO;NO;NO;M;NO
209;BUENOS_AIRES;10M-20M;INTERIOR;otros;52;NO;SI;NO;NO;SI;F;NO
210;BUENOS_AIRES;20M-30M;ZONA_SUR;otros;32;NO;SI;NO;NO;NO;M;SI
211;CORDOBA;10M-20M;INTERIOR;otros;54;NO;SI;SI;SI;SI;M;NO
212;BUENOS_AIRES;10M-20M;ZONA_SUR;126205;45;NO;NO;NO;NO;NO;M;NO
213;CORDOBA;20M-30M;INTERIOR;otros;44;NO;SI;NO;NO;NO;F;NO
214;CORDOBA;10M-20M;INTERIOR;otros;34;NO;NO;NO;NO;NO;M;SI
215;CAPITAL_FEDERAL;10M-20M;CAPITAL_FEDERAL;otros;46;NO;SI;NO;SI;SI;M;NO
216;CAPITAL_FEDERAL;10M-20M;CAPITAL_FEDERAL;126205;65;NO;NO;NO;NO;NO;M;SI
217;BUENOS_AIRES;10M-20M;ZONA_SUR;106302;31;NO;NO;SI;NO;NO;M;SI
218;CAPITAL_FEDERAL;30M-50M;CAPITAL_FEDERAL;otros;44;NO;SI;SI;NO;NO;M;SI
219;CORDOBA;30M-50M;INTERIOR;otros;44;NO;SI;SI;SI;SI;M;SI
220;BUENOS_AIRES;10M-20M;ZONA_SUR;otros;51;NO;NO;NO;NO;SI;M;SI
221;CAPITAL_FEDERAL;0M-10M;CAPITAL_FEDERAL;otros;39;NO;NO;NO;NO;NO;M;SI
222;BUENOS_AIRES;10M-20M;ZONA_NORTE;106302;51;NO;SI;NO;NO;NO;F;NO
223;BUENOS_AIRES;0M-10M;ZONA_OESTE;500807;73;SI;NO;NO;NO;NO;F;SI
224;BUENOS_AIRES;30M-50M;ZONA_OESTE;otros;40;NO;NO;NO;NO;NO;F;NO
225;SANTA_FE;10M-20M;INTERIOR;otros;61;NO;NO;NO;NO;NO;M;NO
226;SANTA_FE;20M-30M;INTERIOR;otros;37;NO;SI;NO;NO;NO;M;SI
227;SANTA_FE;10M-20M;INTERIOR;otros;48;NO;NO;NO;SI;SI;F;NO
228;BUENOS_AIRES;50M+;ZONA_OESTE;otros;51;NO;SI;NO;SI;NO;M;SI
229;CAPITAL_FEDERAL;20M-30M;CAPITAL_FEDERAL;otros;64;NO;NO;NO;NO;NO;M;SI
230;TUCUMAN;0M-10M;INTERIOR;otros;46;NO;SI;NO;NO;SI;F;NO
231;SANTA_FE;10M-20M;INTERIOR;otros;36;NO;SI;NO;SI;SI;M;SI
232;BUENOS_AIRES;0M-10M;ZONA_OESTE;otros;29;NO;NO;SI;NO;SI;F;NO
233;BUENOS_AIRES;30M-50M;INTERIOR;otros;68;NO;NO;NO;NO;NO;M;SI
234;CAPITAL_FEDERAL;0M-10M;CAPITAL_FEDERAL;otros;66;NO;NO;NO;NO;NO;F;SI
235;BUENOS_AIRES;0M-10M;INTERIOR;otros;37;NO;NO;NO;NO;NO;M;SI
236;CAPITAL_FEDERAL;0M-10M;CAPITAL_FEDERAL;126205;43;NO;SI;NO;NO;SI;F;NO
237;BUENOS_AIRES;0M-10M;ZONA_OESTE;otros;33;NO;NO;NO;NO;NO;F;SI
238;TUCUMAN;30M-50M;INTERIOR;126205;57;NO;SI;NO;NO;NO;F;SI
239;SANTA_FE;20M-30M;INTERIOR;400909;38;NO;SI;NO;NO;SI;M;NO
240;BUENOS_AIRES;30M-50M;ZONA_NORTE;400800;57;NO;SI;NO;NO;NO;F;SI
241;BUENOS_AIRES;10M-20M;INTERIOR;otros;38;NO;SI;NO;NO;NO;F;SI
242;BUENOS_AIRES;10M-20M;INTERIOR;106302;44;NO;SI;NO;NO;NO;F;SI
243;CORDOBA;30M-50M;INTERIOR;otros;52;NO;SI;NO;NO;NO;F;NO
244;CAPITAL_FEDERAL;10M-20M;CAPITAL_FEDERAL;otros;36;NO;NO;NO;NO;NO;M;NO
245;BUENOS_AIRES;0M-10M;ZONA_OESTE;113809;35;NO;SI;NO;NO;NO;M;SI
246;CAPITAL_FEDERAL;30M-50M;CAPITAL_FEDERAL;113809;63;NO;SI;NO;NO;NO;M;SI
247;SANTA_FE;10M-20M;INTERIOR;otros;49;NO;SI;NO;NO;NO;F;SI
248;CORDOBA;30M-50M;INTERIOR;406;30;NO;SI;SI;NO;NO;M;NO
249;BUENOS_AIRES;10M-20M;INTERIOR;500807;72;SI;NO;NO;NO;NO;F;SI
250;BUENOS_AIRES;50M+;ZONA_NORTE;113809;40;NO;SI;NO;NO;NO;F;SI
251;BUENOS_AIRES;30M-50M;ZONA_NORTE;otros;60;NO;SI;NO;SI;SI;M;SI
252;CAPITAL_FEDERAL;30M-50M;CAPITAL_FEDERAL;otros;35;NO;SI;NO;NO;NO;F;SI
253;BUENOS_AIRES;30M-50M;ZONA_OESTE;113809;41;NO;SI;NO;NO;NO;M;SI
254;MENDOZA;10M-20M;INTERIOR;126205;41;NO;SI;NO;NO;NO;F;NO
255;BUENOS_AIRES;20M-30M;INTERIOR;126205;54;NO;SI;SI;NO;SI;M;NO
256;SANTA_FE;20M-30M;INTERIOR;otros;29;NO;SI;NO;NO;NO;F;NO
257;MENDOZA;20M-30M;INTERIOR;otros;27;NO;SI;NO;NO;NO;M;NO
258;SANTA_CRUZ;50M+;INTERIOR;otros;55;NO;SI;NO;NO;SI;M;SI
259;CORDOBA;50M+;INTERIOR;otros;53;NO;NO;NO;NO;SI;M;SI
260;BUENOS_AIRES;10M-20M;INTERIOR;otros;44;NO;SI;NO;NO;SI;M;SI
261;BUENOS_AIRES;30M-50M;ZONA_SUR;113809;49;NO;SI;NO;SI;SI;M;SI
262;BUENOS_AIRES;20M-30M;ZONA_NORTE;otros;46;NO;SI;NO;SI;NO;M;SI
263;BUENOS_AIRES;20M-30M;INTERIOR;406;55;NO;SI;NO;SI;SI;M;SI
264;BUENOS_AIRES;50M+;INTERIOR;otros;41;NO;SI;NO;SI;SI;M;SI
265;BUENOS_AIRES;10M-20M;ZONA_SUR;otros;43;NO;NO;SI;NO;NO;F;NO
266;BUENOS_AIRES;10M-20M;ZONA_SUR;otros;46;NO;SI;NO;NO;NO;F;NO
267;CORDOBA;20M-30M;INTERIOR;otros;35;NO;SI;NO;NO;NO;M;SI
268;CAPITAL_FEDERAL;10M-20M;CAPITAL_FEDERAL;otros;54;NO;NO;NO;SI;SI;M;SI
269;CORDOBA;20M-30M;INTERIOR;106302;31;NO;SI;NO;NO;NO;F;NO
270;CAPITAL_FEDERAL;10M-20M;CAPITAL_FEDERAL;otros;37;NO;NO;NO;NO;NO;F;SI
271;BUENOS_AIRES;20M-30M;ZONA_SUR;otros;46;NO;SI;NO;SI;SI;M;NO
272;BUENOS_AIRES;10M-20M;INTERIOR;otros;45;NO;SI;NO;NO;SI;F;SI
273;BUENOS_AIRES;20M-30M;ZONA_SUR;otros;28;NO;NO;NO;NO;NO;M;NO
274;BUENOS_AIRES;10M-20M;ZONA_OESTE;otros;44;NO;SI;NO;NO;NO;F;SI
275;BUENOS_AIRES;50M+;INTERIOR;400800;56;NO;SI;NO;SI;NO;M;SI
276;JUJUY;20M-30M;INTERIOR;otros;33;NO;SI;NO;NO;NO;M;SI
277;BUENOS_AIRES;10M-20M;ZONA_NORTE;400909;59;NO;SI;NO;SI;NO;M;NO
278;BUENOS_AIRES;20M-30M;INTERIOR;otros;54;NO;NO;NO;NO;NO;F;SI
279;CAPITAL_FEDERAL;50M+;CAPITAL_FEDERAL;400909;45;NO;SI;NO;NO;NO;M;SI
280;BUENOS_AIRES;30M-50M;INTERIOR;otros;51;NO;SI;NO;SI;SI;M;SI
281;BUENOS_AIRES;30M-50M;ZONA_SUR;113809;35;NO;SI;NO;NO;NO;F;SI
282;BUENOS_AIRES;50M+;INTERIOR;otros;40;NO;SI;NO;NO;NO;M;SI
283;BUENOS_AIRES;50M+;INTERIOR;otros;46;NO;NO;NO;NO;NO;M;SI
284;BUENOS_AIRES;20M-30M;ZONA_OESTE;otros;60;NO;SI;NO;NO;NO;M;NO
285;BUENOS_AIRES;30M-50M;ZONA_SUR;otros;57;NO;NO;NO;NO;NO;F;SI
286;SANTA_FE;30M-50M;INTERIOR;106302;54;NO;NO;NO;NO;NO;F;SI
287;BUENOS_AIRES;10M-20M;ZONA_NORTE;126205;51;NO;SI;NO;NO;NO;M;SI
288;CHACO;10M-20M;INTERIOR;126205;36;NO;NO;NO;SI;NO;M;NO
289;BUENOS_AIRES;10M-20M;INTERIOR;106302;42;NO;SI;NO;NO;NO;F;NO
290;CORDOBA;20M-30M;INTERIOR;otros;31;NO;SI;NO;NO;NO;F;SI
291;SANTA_FE;10M-20M;INTERIOR;106302;51;NO;SI;SI;NO;NO;M;NO
292;BUENOS_AIRES;10M-20M;ZONA_SUR;126205;63;NO;NO;NO;NO;NO;F;NO
293;BUENOS_AIRES;30M-50M;ZONA_OESTE;113809;87;NO;NO;NO;NO;NO;M;SI
294;BUENOS_AIRES;20M-30M;ZONA_SUR;113809;29;NO;SI;NO;NO;NO;F;NO
295;CAPITAL_FEDERAL;30M-50M;CAPITAL_FEDERAL;400800;47;NO;SI;NO;NO;NO;F;SI
296;CAPITAL_FEDERAL;30M-50M;CAPITAL_FEDERAL;otros;57;NO;SI;NO;NO;NO;M;SI
297;SAN_JUAN;0M-10M;INTERIOR;otros;54;NO;NO;NO;NO;NO;M;SI
298;SANTA_FE;10M-20M;INTERIOR;otros;43;NO;SI;NO;NO;NO;M;SI
299;CHUBUT;10M-20M;INTERIOR;otros;35;NO;NO;NO;NO;NO;M;NO
300;CORDOBA;20M-30M;INTERIOR;500807;61;SI;SI;NO;SI;SI;M;SI
301;BUENOS_AIRES;30M-50M;ZONA_SUR;400800;48;NO;SI;NO;NO;NO;M;SI
302;BUENOS_AIRES;10M-20M;ZONA_SUR;otros;59;NO;SI;NO;SI;SI;M;SI
303;BUENOS_AIRES;10M-20M;ZONA_OESTE;otros;50;NO;SI;NO;NO;NO;F;SI
304;BUENOS_AIRES;20M-30M;ZONA_NORTE;otros;55;NO;SI;NO;NO;NO;M;SI
305;CAPITAL_FEDERAL;10M-20M;CAPITAL_FEDERAL;otros;38;NO;SI;NO;NO;NO;M;SI
306;BUENOS_AIRES;20M-30M;ZONA_NORTE;otros;41;NO;SI;NO;NO;SI;F;NO
307;TIERRA_DEL_FUEGO;10M-20M;INTERIOR;126205;62;NO;SI;NO;SI;NO;M;SI
308;BUENOS_AIRES;10M-20M;ZONA_NORTE;106302;73;NO;NO;NO;NO;NO;F;NO
309;BUENOS_AIRES;10M-20M;INTERIOR;otros;45;NO;SI;NO;SI;SI;F;NO
310;CAPITAL_FEDERAL;50M+;CAPITAL_FEDERAL;otros;50;NO;SI;NO;NO;SI;M;SI
311;CAPITAL_FEDERAL;0M-10M;CAPITAL_FEDERAL;otros;67;SI;SI;NO;NO;NO;F;NO
312;BUENOS_AIRES;20M-30M;INTERIOR;otros;50;NO;SI;NO;NO;NO;F;SI
313;CHUBUT;50M+;INTERIOR;otros;35;NO;SI;NO;NO;NO;M;SI
314;SANTA_FE;10M-20M;INTERIOR;126205;38;NO;NO;NO;SI;SI;F;SI
315;BUENOS_AIRES;20M-30M;ZONA_NORTE;400800;31;NO;NO;SI;NO;NO;M;SI
316;BUENOS_AIRES;30M-50M;ZONA_OESTE;400800;36;NO;SI;NO;NO;NO;M;SI
317;BUENOS_AIRES;20M-30M;ZONA_SUR;otros;35;NO;SI;NO;NO;NO;M;NO
318;BUENOS_AIRES;20M-30M;INTERIOR;otros;29;NO;NO;NO;NO;NO;F;SI
319;BUENOS_AIRES;20M-30M;ZONA_SUR;otros;30;NO;SI;NO;NO;NO;M;SI
320;CAPITAL_FEDERAL;30M-50M;CAPITAL_FEDERAL;400800;31;NO;SI;NO;NO;NO;F;NO
321;SALTA;0M-10M;INTERIOR;otros;32;NO;NO;NO;NO;NO;M;SI
322;BUENOS_AIRES;10M-20M;ZONA_NORTE;400800;42;NO;SI;NO;NO;NO;F;SI
323;SANTA_FE;50M+;INTERIOR;otros;43;NO;SI;NO;NO;NO;M;SI
324;CATAMARCA;10M-20M;INTERIOR;otros;58;NO;SI;NO;SI;NO;M;SI
325;CORDOBA;30M-50M;INTERIOR;400800;54;NO;SI;NO;NO;NO;M;SI
326;ENTRE_RIOS;20M-30M;INTERIOR;otros;57;NO;SI;NO;SI;SI;M;SI
327;CAPITAL_FEDERAL;10M-20M;CAPITAL_FEDERAL;126205;45;NO;SI;NO;NO;NO;F;SI
328;BUENOS_AIRES;20M-30M;ZONA_OESTE;500807;59;SI;NO;SI;NO;NO;F;NO
329;CAPITAL_FEDERAL;50M+;CAPITAL_FEDERAL;400800;43;NO;SI;NO;NO;NO;M;SI
330;BUENOS_AIRES;10M-20M;INTERIOR;otros;33;NO;SI;NO;SI;SI;M;NO
331;BUENOS_AIRES;20M-30M;ZONA_SUR;otros;47;NO;NO;NO;NO;NO;M;SI
332;BUENOS_AIRES;20M-30M;ZONA_SUR;106302;54;NO;NO;NO;NO;NO;F;SI
333;CAPITAL_FEDERAL;0M-10M;CAPITAL_FEDERAL;otros;56;NO;SI;NO;NO;SI;F;SI
334;BUENOS_AIRES;10M-20M;INTERIOR;126205;46;NO;NO;NO;NO;NO;M;SI
335;BUENOS_AIRES;10M-20M;ZONA_NORTE;500807;70;SI;SI;NO;NO;NO;M;SI
336;CAPITAL_FEDERAL;0M-10M;CAPITAL_FEDERAL;otros;57;NO;SI;NO;NO;NO;F;SI
337;BUENOS_AIRES;30M-50M;ZONA_SUR;400800;70;NO;NO;NO;NO;NO;M;SI
338;BUENOS_AIRES;10M-20M;ZONA_SUR;406;28;NO;NO;NO;NO;NO;M;NO
339;BUENOS_AIRES;10M-20M;ZONA_SUR;otros;44;NO;SI;NO;NO;SI;M;NO
340;BUENOS_AIRES;50M+;ZONA_SUR;406;54;NO;SI;NO;NO;NO;M;SI
341;SANTA_FE;20M-30M;INTERIOR;otros;41;NO;SI;NO;NO;NO;M;SI
342;BUENOS_AIRES;10M-20M;ZONA_OESTE;otros;42;NO;SI;NO;NO;NO;M;SI
343;BUENOS_AIRES;30M-50M;ZONA_SUR;400800;34;NO;SI;NO;NO;NO;F;NO
344;BUENOS_AIRES;30M-50M;ZONA_SUR;otros;42;NO;SI;NO;NO;NO;M;NO
345;BUENOS_AIRES;20M-30M;INTERIOR;otros;38;NO;SI;NO;NO;NO;M;SI
346;BUENOS_AIRES;0M-10M;ZONA_SUR;otros;68;NO;NO;NO;SI;NO;M;NO
347;CORDOBA;10M-20M;INTERIOR;otros;35;NO;SI;NO;NO;NO;F;SI
348;BUENOS_AIRES;30M-50M;INTERIOR;otros;44;NO;SI;NO;NO;NO;F;SI
349;BUENOS_AIRES;10M-20M;ZONA_OESTE;126205;50;NO;NO;NO;NO;NO;F;NO
350;CAPITAL_FEDERAL;20M-30M;CAPITAL_FEDERAL;otros;31;NO;NO;NO;NO;NO;M;NO
351;BUENOS_AIRES;10M-20M;INTERIOR;otros;31;NO;SI;NO;NO;NO;M;SI
352;BUENOS_AIRES;30M-50M;ZONA_SUR;400800;39;NO;SI;NO;NO;NO;M;SI
353;MISIONES;20M-30M;INTERIOR;126205;39;NO;SI;NO;NO;NO;F;NO
354;SAN_LUIS;0M-10M;INTERIOR;otros;55;NO;SI;NO;NO;SI;M;SI
355;CAPITAL_FEDERAL;10M-20M;CAPITAL_FEDERAL;otros;43;NO;SI;SI;NO;NO;M;NO
356;BUENOS_AIRES;50M+;ZONA_NORTE;400909;46;NO;SI;NO;NO;SI;M;SI
357;MENDOZA;0M-10M;INTERIOR;otros;43;NO;SI;NO;NO;NO;F;SI
358;NEUQUEN;30M-50M;INTERIOR;otros;39;NO;NO;SI;NO;NO;F;SI
359;CAPITAL_FEDERAL;20M-30M;CAPITAL_FEDERAL;otros;52;NO;SI;NO;NO;NO;M;SI
360;JUJUY;20M-30M;INTERIOR;otros;38;NO;SI;NO;NO;NO;M;NO
361;BUENOS_AIRES;30M-50M;ZONA_NORTE;otros;47;NO;SI;NO;NO;NO;F;SI
362;MISIONES;20M-30M;INTERIOR;otros;38;NO;SI;NO;NO;SI;M;SI
363;BUENOS_AIRES;0M-10M;ZONA_SUR;126205;38;NO;NO;NO;NO;NO;M;NO
364;BUENOS_AIRES;30M-50M;ZONA_SUR;otros;47;NO;SI;NO;NO;NO;F;SI
365;CORDOBA;50M+;INTERIOR;otros;63;SI;SI;NO;NO;NO;M;SI
366;BUENOS_AIRES;20M-30M;INTERIOR;otros;53;NO;SI;NO;NO;NO;M;SI
367;CORDOBA;10M-20M;INTERIOR;otros;35;NO;SI;NO;NO;SI;F;SI
368;BUENOS_AIRES;20M-30M;ZONA_SUR;otros;36;NO;NO;NO;NO;NO;M;NO
369;BUENOS_AIRES;0M-10M;INTERIOR;otros;66;NO;NO;NO;NO;NO;M;SI
370;ENTRE_RIOS;0M-10M;INTERIOR;otros;35;NO;NO;NO;NO;NO;F;NO
371;TUCUMAN;10M-20M;INTERIOR;otros;35;NO;SI;NO;NO;NO;F;SI
372;TUCUMAN;50M+;INTERIOR;otros;47;NO;SI;NO;SI;NO;M;SI
373;BUENOS_AIRES;10M-20M;ZONA_SUR;126205;35;NO;SI;NO;NO;NO;F;NO
374;CAPITAL_FEDERAL;10M-20M;CAPITAL_FEDERAL;otros;44;NO;SI;NO;NO;NO;M;NO
375;ENTRE_RIOS;0M-10M;INTERIOR;126205;29;NO;NO;NO;SI;SI;M;NO
376;BUENOS_AIRES;10M-20M;ZONA_SUR;otros;39;NO;SI;SI;NO;NO;F;SI
377;SANTA_FE;10M-20M;INTERIOR;400909;38;NO;SI;NO;NO;NO;F;SI
378;CAPITAL_FEDERAL;0M-10M;CAPITAL_FEDERAL;126205;75;SI;NO;NO;NO;NO;M;SI
379;BUENOS_AIRES;20M-30M;ZONA_SUR;126205;30;NO;SI;NO;NO;NO;M;NO
380;BUENOS_AIRES;10M-20M;ZONA_SUR;otros;47;NO;SI;NO;NO;NO;F;NO
381;FORMOSA;10M-20M;INTERIOR;otros;36;NO;NO;NO;NO;NO;M;NO
382;CORDOBA;10M-20M;INTERIOR;otros;67;NO;NO;NO;NO;NO;F;NO
383;CAPITAL_FEDERAL;10M-20M;CAPITAL_FEDERAL;otros;43;NO;NO;NO;NO;NO;M;SI
384;SANTA_FE;10M-20M;INTERIOR;otros;31;NO;NO;NO;NO;NO;M;SI
385;RIO_NEGRO;20M-30M;INTERIOR;otros;42;NO;NO;NO;NO;NO;F;NO
386;CAPITAL_FEDERAL;10M-20M;CAPITAL_FEDERAL;otros;31;NO;NO;NO;NO;NO;M;NO
387;CAPITAL_FEDERAL;0M-10M;CAPITAL_FEDERAL;otros;42;NO;NO;NO;NO;NO;F;SI
388;NEUQUEN;10M-20M;INTERIOR;otros;52;NO;NO;NO;NO;NO;F;NO
389;BUENOS_AIRES;10M-20M;ZONA_SUR;otros;55;NO;SI;NO;NO;NO;F;NO
390;BUENOS_AIRES;30M-50M;ZONA_SUR;406;45;NO;SI;NO;NO;NO;F;NO
391;SANTA_FE;0M-10M;INTERIOR;otros;53;NO;SI;NO;SI;SI;M;SI
392;BUENOS_AIRES;10M-20M;ZONA_NORTE;126205;30;NO;SI;NO;NO;NO;M;NO
393;BUENOS_AIRES;10M-20M;ZONA_SUR;otros;46;NO;SI;NO;SI;NO;M;SI
394;BUENOS_AIRES;10M-20M;INTERIOR;126205;52;NO;SI;NO;SI;SI;M;SI
395;CORDOBA;50M+;INTERIOR;otros;75;NO;NO;NO;NO;NO;M;SI
396;BUENOS_AIRES;20M-30M;ZONA_NORTE;400909;55;NO;SI;NO;SI;SI;M;SI
397;BUENOS_AIRES;20M-30M;ZONA_NORTE;otros;36;NO;SI;SI;NO;SI;M;NO
398;BUENOS_AIRES;10M-20M;INTERIOR;400800;27;NO;NO;NO;NO;NO;M;SI
399;LA_PAMPA;10M-20M;INTERIOR;otros;47;NO;NO;NO;NO;NO;M;SI
400;BUENOS_AIRES;30M-50M;ZONA_OESTE;406;44;NO;SI;SI;NO;NO;M;SI
401;CAPITAL_FEDERAL;10M-20M;CAPITAL_FEDERAL;otros;39;NO;SI;NO;NO;SI;M;NO
402;MENDOZA;20M-30M;INTERIOR;otros;41;NO;SI;NO;NO;NO;M;SI
403;SANTA_FE;20M-30M;INTERIOR;otros;35;NO;SI;NO;NO;NO;M;NO
404;BUENOS_AIRES;0M-10M;INTERIOR;otros;39;NO;NO;SI;NO;NO;M;SI
405;BUENOS_AIRES;50M+;ZONA_SUR;400909;43;NO;SI;NO;NO;NO;M;SI
406;SANTA_FE;50M+;INTERIOR;otros;50;NO;SI;NO;SI;SI;M;SI
407;CORDOBA;20M-30M;INTERIOR;otros;37;NO;NO;NO;NO;NO;F;SI
408;BUENOS_AIRES;10M-20M;ZONA_OESTE;otros;45;NO;SI;NO;NO;NO;M;SI
409;CAPITAL_FEDERAL;50M+;CAPITAL_FEDERAL;400800;43;NO;NO;SI;NO;NO;M;SI
410;BUENOS_AIRES;20M-30M;INTERIOR;otros;44;NO;SI;NO;SI;SI;M;SI
411;CAPITAL_FEDERAL;0M-10M;CAPITAL_FEDERAL;113809;60;NO;SI;NO;NO;NO;M;SI
412;CHUBUT;20M-30M;INTERIOR;otros;28;NO;SI;NO;NO;NO;M;SI
413;CAPITAL_FEDERAL;10M-20M;CAPITAL_FEDERAL;126205;37;NO;SI;NO;NO;NO;M;NO
414;RIO_NEGRO;50M+;INTERIOR;400909;65;NO;NO;NO;NO;NO;M;SI
415;CAPITAL_FEDERAL;20M-30M;CAPITAL_FEDERAL;otros;34;NO;NO;NO;NO;NO;M;SI
416;BUENOS_AIRES;10M-20M;INTERIOR;126205;36;NO;SI;NO;SI;NO;M;SI
417;BUENOS_AIRES;30M-50M;INTERIOR;otros;61;NO;SI;NO;SI;NO;M;SI
418;BUENOS_AIRES;20M-30M;ZONA_SUR;otros;46;NO;NO;NO;NO;NO;M;NO
419;BUENOS_AIRES;10M-20M;ZONA_SUR;otros;57;NO;SI;NO;SI;SI;M;SI
420;BUENOS_AIRES;20M-30M;ZONA_NORTE;otros;39;NO;NO;NO;NO;NO;M;SI
421;CORDOBA;20M-30M;INTERIOR;otros;41;NO;NO;NO;NO;NO;M;SI
422;CAPITAL_FEDERAL;0M-10M;CAPITAL_FEDERAL;otros;37;NO;NO;SI;NO;NO;F;SI
423;CAPITAL_FEDERAL;50M+;CAPITAL_FEDERAL;400800;58;NO;SI;NO;SI;NO;M;SI
424;BUENOS_AIRES;20M-30M;ZONA_SUR;400909;32;NO;SI;NO;NO;NO;M;NO
425;BUENOS_AIRES;30M-50M;ZONA_NORTE;113809;42;NO;SI;NO;NO;NO;F;SI
426;CAPITAL_FEDERAL;10M-20M;CAPITAL_FEDERAL;otros;40;NO;NO;NO;NO;NO;M;SI
427;SANTA_FE;50M+;INTERIOR;otros;52;NO;SI;NO;NO;NO;F;SI
428;BUENOS_AIRES;10M-20M;INTERIOR;otros;41;NO;NO;NO;NO;NO;F;NO
429;BUENOS_AIRES;20M-30M;ZONA_SUR;400800;33;NO;NO;NO;NO;NO;M;SI
430;BUENOS_AIRES;10M-20M;ZONA_NORTE;126205;57;NO;SI;NO;NO;NO;F;NO
431;SANTA_FE;30M-50M;INTERIOR;400909;37;NO;SI;NO;NO;NO;M;SI
432;BUENOS_AIRES;20M-30M;ZONA_SUR;otros;54;NO;SI;SI;SI;SI;M;SI
433;CAPITAL_FEDERAL;10M-20M;CAPITAL_FEDERAL;otros;42;NO;SI;NO;NO;NO;M;SI
434;CAPITAL_FEDERAL;30M-50M;CAPITAL_FEDERAL;otros;49;NO;SI;NO;NO;NO;M;SI
435;BUENOS_AIRES;10M-20M;ZONA_SUR;otros;44;NO;SI;NO;SI;SI;M;NO
436;BUENOS_AIRES;10M-20M;INTERIOR;otros;28;NO;NO;NO;NO;NO;M;NO
437;BUENOS_AIRES;20M-30M;ZONA_SUR;400800;64;NO;SI;NO;SI;NO;M;SI
438;BUENOS_AIRES;10M-20M;ZONA_NORTE;otros;55;NO;SI;NO;NO;NO;M;NO
439;SALTA;10M-20M;INTERIOR;400800;41;NO;NO;NO;NO;NO;M;SI
440;CAPITAL_FEDERAL;10M-20M;CAPITAL_FEDERAL;otros;60;NO;SI;SI;NO;NO;M;NO
441;BUENOS_AIRES;30M-50M;ZONA_SUR;406;34;NO;SI;NO;NO;NO;M;SI
442;SANTA_CRUZ;50M+;INTERIOR;otros;43;NO;SI;NO;NO;NO;M;SI
443;BUENOS_AIRES;20M-30M;ZONA_SUR;otros;42;NO;SI;NO;NO;NO;M;SI
444;MENDOZA;0M-10M;INTERIOR;otros;48;NO;SI;NO;NO;NO;F;SI
445;BUENOS_AIRES;0M-10M;INTERIOR;otros;25;NO;SI;NO;NO;NO;F;NO
446;CAPITAL_FEDERAL;30M-50M;CAPITAL_FEDERAL;400800;59;NO;SI;NO;NO;NO;F;NO
447;CAPITAL_FEDERAL;0M-10M;CAPITAL_FEDERAL;otros;60;NO;NO;NO;NO;NO;M;SI
448;BUENOS_AIRES;10M-20M;ZONA_OESTE;otros;85;SI;NO;NO;NO;NO;F;SI
449;CORDOBA;30M-50M;INTERIOR;otros;38;NO;SI;NO;NO;NO;M;NO
450;TUCUMAN;0M-10M;INTERIOR;otros;37;NO;NO;NO;NO;NO;M;SI
451;BUENOS_AIRES;50M+;INTERIOR;400800;49;NO;SI;NO;SI;NO;M;SI
452;BUENOS_AIRES;20M-30M;ZONA_SUR;406;40;NO;NO;NO;NO;NO;M;SI
453;MISIONES;0M-10M;INTERIOR;500807;75;SI;NO;NO;NO;NO;F;NO
454;CORDOBA;50M+;INTERIOR;400800;52;NO;SI;NO;SI;SI;M;SI
455;CHUBUT;30M-50M;INTERIOR;otros;27;NO;SI;NO;NO;NO;M;NO
456;BUENOS_AIRES;10M-20M;ZONA_OESTE;126205;49;NO;NO;NO;NO;SI;M;SI
457;BUENOS_AIRES;0M-10M;INTERIOR;500807;85;SI;NO;NO;NO;NO;F;NO
458;SANTA_FE;30M-50M;INTERIOR;otros;40;NO;SI;NO;NO;NO;M;NO
459;SANTA_FE;10M-20M;INTERIOR;otros;34;NO;SI;SI;NO;NO;F;SI
460;CAPITAL_FEDERAL;10M-20M;CAPITAL_FEDERAL;otros;54;NO;NO;NO;NO;NO;M;SI
461;SALTA;20M-30M;INTERIOR;otros;52;NO;NO;NO;NO;NO;M;NO
462;BUENOS_AIRES;10M-20M;ZONA_SUR;106302;71;NO;NO;NO;NO;NO;F;NO
463;CAPITAL_FEDERAL;0M-10M;CAPITAL_FEDERAL;otros;63;NO;NO;NO;SI;NO;M;NO
464;SANTA_FE;10M-20M;INTERIOR;otros;44;NO;NO;NO;NO;NO;M;NO
465;ENTRE_RIOS;10M-20M;INTERIOR;otros;57;NO;SI;NO;NO;SI;M;SI
466;BUENOS_AIRES;10M-20M;ZONA_SUR;400800;30;NO;NO;NO;NO;NO;F;NO
467;BUENOS_AIRES;50M+;INTERIOR;otros;48;NO;SI;NO;NO;SI;M;SI
468;BUENOS_AIRES;10M-20M;ZONA_SUR;otros;60;NO;NO;NO;NO;NO;F;NO
469;ENTRE_RIOS;20M-30M;INTERIOR;126205;40;NO;SI;NO;NO;NO;F;NO
470;ENTRE_RIOS;10M-20M;INTERIOR;500807;54;SI;SI;NO;SI;NO;M;SI
471;BUENOS_AIRES;50M+;ZONA_NORTE;406;42;NO;SI;NO;NO;NO;M;SI
472;CAPITAL_FEDERAL;0M-10M;CAPITAL_FEDERAL;406;36;NO;SI;NO;NO;NO;M;SI
473;CAPITAL_FEDERAL;30M-50M;CAPITAL_FEDERAL;400909;63;NO;SI;NO;SI;NO;M;NO
474;SAN_JUAN;10M-20M;INTERIOR;otros;34;NO;SI;NO;NO;NO;M;SI
475;CAPITAL_FEDERAL;20M-30M;CAPITAL_FEDERAL;406;41;NO;NO;NO;NO;NO;M;SI
476;BUENOS_AIRES;10M-20M;INTERIOR;126205;39;NO;SI;NO;NO;NO;M;SI
477;CAPITAL_FEDERAL;0M-10M;CAPITAL_FEDERAL;otros;45;NO;NO;SI;NO;NO;M;SI
478;CORDOBA;10M-20M;INTERIOR;otros;31;NO;NO;NO;NO;NO;M;SI
479;ENTRE_RIOS;10M-20M;INTERIOR;126205;34;NO;SI;NO;NO;NO;M;NO
480;CAPITAL_FEDERAL;20M-30M;CAPITAL_FEDERAL;otros;64;NO;NO;NO;NO;NO;M;NO
481;BUENOS_AIRES;0M-10M;ZONA_NORTE;otros;34;NO;NO;NO;NO;NO;M;NO
482;CAPITAL_FEDERAL;10M-20M;CAPITAL_FEDERAL;126205;63;NO;NO;SI;NO;NO;M;NO
483;BUENOS_AIRES;20M-30M;INTERIOR;500807;74;SI;NO;NO;NO;NO;F;NO
484;CAPITAL_FEDERAL;30M-50M;CAPITAL_FEDERAL;106302;42;NO;SI;NO;NO;NO;F;SI
485;CAPITAL_FEDERAL;0M-10M;CAPITAL_FEDERAL;406;53;NO;SI;NO;NO;SI;F;SI
486;CHACO;30M-50M;INTERIOR;otros;57;NO;SI;NO;NO;SI;M;SI
487;BUENOS_AIRES;30M-50M;ZONA_OESTE;400909;45;NO;NO;SI;NO;SI;M;NO
488;NEUQUEN;20M-30M;INTERIOR;otros;58;NO;SI;NO;NO;NO;F;NO
489;BUENOS_AIRES;10M-20M;ZONA_NORTE;otros;36;NO;SI;NO;NO;NO;M;SI
490;BUENOS_AIRES;20M-30M;ZONA_OESTE;otros;46;NO;NO;SI;NO;NO;M;NO
491;MENDOZA;10M-20M;INTERIOR;otros;30;NO;NO;NO;NO;NO;M;SI
492;BUENOS_AIRES;10M-20M;INTERIOR;otros;40;NO;SI;NO;NO;SI;F;NO
493;BUENOS_AIRES;10M-20M;ZONA_SUR;126205;36;NO;NO;NO;NO;NO;F;NO
494;BUENOS_AIRES;30M-50M;INTERIOR;otros;52;NO;SI;NO;SI;NO;M;SI
495;CORDOBA;10M-20M;INTERIOR;otros;60;NO;SI;NO;NO;NO;M;SI
496;MENDOZA;0M-10M;INTERIOR;otros;42;NO;NO;NO;NO;NO;F;SI
497;CORDOBA;10M-20M;INTERIOR;otros;47;NO;SI;NO;NO;NO;M;SI
498;SAN_JUAN;10M-20M;INTERIOR;400909;34;NO;NO;SI;NO;SI;M;SI
499;RIO_NEGRO;10M-20M;INTERIOR;126205;47;NO;SI;NO;NO;NO;M;NO
500;CAPITAL_FEDERAL;20M-30M;CAPITAL_FEDERAL;otros;42;NO;SI;NO;NO;NO;M;SI
501;BUENOS_AIRES;30M-50M;ZONA_SUR;400800;44;NO;SI;NO;NO;NO;M;SI
502;BUENOS_AIRES;10M-20M;INTERIOR;otros;68;NO;NO;NO;NO;NO;F;SI
503;BUENOS_AIRES;30M-50M;ZONA_OESTE;126205;50;NO;SI;NO;SI;SI;F;NO
504;JUJUY;10M-20M;INTERIOR;otros;38;NO;SI;NO;NO;SI;M;NO
505;CORDOBA;10M-20M;INTERIOR;400909;38;NO;NO;NO;NO;NO;F;SI
506;BUENOS_AIRES;10M-20M;ZONA_NORTE;113809;35;NO;NO;NO;NO;NO;M;SI
507;RIO_NEGRO;10M-20M;INTERIOR;126205;42;NO;NO;NO;NO;NO;F;NO
508;ENTRE_RIOS;20M-30M;INTERIOR;otros;32;NO;SI;SI;NO;NO;M;NO
509;BUENOS_AIRES;10M-20M;ZONA_NORTE;otros;54;NO;SI;NO;NO;NO;M;NO
510;CAPITAL_FEDERAL;0M-10M;CAPITAL_FEDERAL;113809;60;NO;SI;NO;NO;NO;M;SI
511;BUENOS_AIRES;30M-50M;INTERIOR;400800;41;NO;SI;NO;NO;SI;M;SI
512;BUENOS_AIRES;20M-30M;ZONA_OESTE;otros;41;NO;SI;NO;NO;NO;M;NO
513;BUENOS_AIRES;20M-30M;INTERIOR;otros;43;NO;SI;SI;NO;SI;M;NO
514;ENTRE_RIOS;0M-10M;INTERIOR;otros;37;NO;NO;SI;NO;NO;M;NO
515;SANTA_FE;50M+;INTERIOR;400800;33;NO;SI;NO;NO;NO;F;NO
516;BUENOS_AIRES;0M-10M;ZONA_NORTE;106302;50;NO;NO;NO;NO;NO;F;SI
517;BUENOS_AIRES;30M-50M;ZONA_SUR;otros;44;NO;NO;SI;NO;NO;F;SI
518;BUENOS_AIRES;20M-30M;ZONA_OESTE;otros;37;NO;NO;NO;NO;NO;M;SI
519;BUENOS_AIRES;30M-50M;ZONA_OESTE;otros;32;NO;NO;NO;NO;NO;M;SI
520;JUJUY;0M-10M;INTERIOR;106302;47;NO;SI;NO;NO;NO;M;NO
521;BUENOS_AIRES;10M-20M;ZONA_OESTE;126205;27;NO;NO;NO;NO;NO;M;SI
522;MENDOZA;20M-30M;INTERIOR;otros;33;NO;SI;NO;NO;NO;M;SI
523;BUENOS_AIRES;10M-20M;INTERIOR;otros;40;NO;SI;SI;NO;NO;M;SI
524;SALTA;10M-20M;INTERIOR;otros;58;NO;SI;NO;SI;NO;M;SI
525;MENDOZA;0M-10M;INTERIOR;otros;50;NO;NO;NO;NO;SI;M;SI
526;BUENOS_AIRES;30M-50M;ZONA_SUR;otros;39;NO;NO;NO;NO;NO;M;SI
527;CAPITAL_FEDERAL;0M-10M;CAPITAL_FEDERAL;113809;58;NO;SI;NO;NO;NO;F;NO
528;BUENOS_AIRES;30M-50M;ZONA_NORTE;400800;51;NO;NO;NO;SI;NO;F;SI
529;CAPITAL_FEDERAL;50M+;CAPITAL_FEDERAL;400800;42;NO;SI;NO;NO;NO;M;NO
530;BUENOS_AIRES;20M-30M;ZONA_SUR;otros;50;NO;SI;SI;NO;NO;M;SI
531;BUENOS_AIRES;30M-50M;INTERIOR;otros;46;NO;NO;NO;NO;NO;F;SI
532;BUENOS_AIRES;10M-20M;ZONA_SUR;otros;59;NO;SI;NO;NO;SI;F;NO
533;CORRIENTES;30M-50M;INTERIOR;otros;57;NO;SI;NO;SI;SI;M;SI
534;CAPITAL_FEDERAL;0M-10M;CAPITAL_FEDERAL;500807;71;SI;NO;NO;NO;NO;M;SI
535;BUENOS_AIRES;10M-20M;INTERIOR;otros;35;NO;SI;NO;NO;NO;M;SI
536;CAPITAL_FEDERAL;30M-50M;CAPITAL_FEDERAL;otros;38;NO;SI;NO;NO;SI;M;NO
537;CAPITAL_FEDERAL;20M-30M;CAPITAL_FEDERAL;400800;33;NO;NO;NO;NO;NO;M;NO
538;CORDOBA;0M-10M;INTERIOR;otros;34;NO;SI;NO;NO;NO;M;SI
539;BUENOS_AIRES;10M-20M;INTERIOR;otros;32;NO;NO;NO;NO;NO;M;NO
540;SANTA_FE;20M-30M;INTERIOR;otros;46;NO;SI;NO;NO;SI;F;SI
541;CHACO;10M-20M;INTERIOR;otros;56;NO;SI;NO;SI;SI;M;SI
542;ENTRE_RIOS;10M-20M;INTERIOR;400800;50;NO;NO;NO;NO;NO;M;SI
543;BUENOS_AIRES;10M-20M;ZONA_NORTE;126205;49;NO;SI;NO;NO;NO;M;SI
544;CHACO;10M-20M;INTERIOR;126205;53;NO;SI;NO;NO;NO;F;NO
545;BUENOS_AIRES;30M-50M;ZONA_NORTE;otros;46;NO;SI;NO;NO;NO;M;SI
546;BUENOS_AIRES;10M-20M;ZONA_SUR;otros;40;NO;NO;NO;NO;NO;M;NO
547;BUENOS_AIRES;10M-20M;ZONA_SUR;126205;55;NO;SI;NO;NO;NO;F;NO
548;BUENOS_AIRES;20M-30M;ZONA_SUR;otros;46;NO;SI;NO;NO;NO;M;SI
549;CAPITAL_FEDERAL;30M-50M;CAPITAL_FEDERAL;otros;44;NO;SI;NO;NO;NO;M;SI
550;BUENOS_AIRES;20M-30M;ZONA_SUR;otros;39;NO;NO;NO;NO;NO;M;NO
551;CAPITAL_FEDERAL;30M-50M;CAPITAL_FEDERAL;113809;45;NO;SI;NO;NO;NO;F;SI
552;BUENOS_AIRES;10M-20M;ZONA_SUR;otros;44;NO;SI;NO;NO;NO;M;SI
553;CAPITAL_FEDERAL;0M-10M;CAPITAL_FEDERAL;113809;38;NO;NO;NO;NO;NO;F;SI
554;BUENOS_AIRES;10M-20M;ZONA_OESTE;otros;37;NO;NO;NO;SI;SI;M;NO
555;MISIONES;10M-20M;INTERIOR;otros;58;NO;SI;NO;SI;NO;M;SI
556;CORDOBA;30M-50M;INTERIOR;400909;51;NO;SI;NO;SI;NO;M;SI
557;BUENOS_AIRES;10M-20M;ZONA_OESTE;otros;52;NO;SI;NO;NO;SI;M;SI
558;CORDOBA;10M-20M;INTERIOR;otros;41;NO;SI;NO;NO;NO;M;NO
559;BUENOS_AIRES;10M-20M;INTERIOR;otros;28;NO;NO;NO;NO;NO;F;NO
560;CHUBUT;10M-20M;INTERIOR;otros;57;NO;SI;NO;NO;NO;F;SI
561;JUJUY;0M-10M;INTERIOR;otros;33;NO;SI;NO;NO;NO;M;SI
562;CAPITAL_FEDERAL;30M-50M;CAPITAL_FEDERAL;113809;40;NO;NO;NO;NO;NO;M;SI
563;MISIONES;30M-50M;INTERIOR;otros;39;NO;SI;NO;NO;NO;M;NO
564;CAPITAL_FEDERAL;30M-50M;CAPITAL_FEDERAL;400909;37;NO;SI;NO;NO;NO;M;NO
565;BUENOS_AIRES;0M-10M;ZONA_SUR;otros;69;NO;NO;NO;NO;NO;M;SI
566;SANTA_FE;20M-30M;INTERIOR;otros;53;NO;SI;NO;NO;SI;M;SI
567;CAPITAL_FEDERAL;0M-10M;CAPITAL_FEDERAL;113809;30;NO;NO;NO;NO;NO;M;SI
568;CAPITAL_FEDERAL;10M-20M;CAPITAL_FEDERAL;otros;50;NO;SI;NO;NO;SI;F;NO
569;BUENOS_AIRES;20M-30M;ZONA_OESTE;otros;38;NO;SI;NO;SI;SI;M;SI
570;CORDOBA;10M-20M;INTERIOR;126205;35;NO;SI;NO;NO;NO;M;NO
571;BUENOS_AIRES;10M-20M;INTERIOR;126205;39;NO;NO;NO;SI;SI;M;SI
572;MISIONES;30M-50M;INTERIOR;otros;53;NO;NO;NO;NO;NO;M;SI
573;MENDOZA;30M-50M;INTERIOR;otros;30;NO;SI;NO;NO;NO;M;SI
574;BUENOS_AIRES;10M-20M;INTERIOR;otros;57;NO;SI;NO;NO;NO;F;NO
575;CAPITAL_FEDERAL;50M+;CAPITAL_FEDERAL;400800;37;NO;SI;NO;NO;NO;F;NO
576;SANTA_FE;20M-30M;INTERIOR;otros;50;NO;SI;NO;NO;NO;F;SI
577;CORDOBA;10M-20M;INTERIOR;126205;42;NO;SI;NO;NO;SI;M;SI
578;CAPITAL_FEDERAL;10M-20M;CAPITAL_FEDERAL;406;32;NO;NO;NO;NO;NO;M;NO
579;BUENOS_AIRES;30M-50M;ZONA_SUR;400800;47;NO;SI;NO;SI;NO;M;SI
580;CAPITAL_FEDERAL;50M+;CAPITAL_FEDERAL;otros;52;NO;SI;NO;NO;NO;F;SI
581;BUENOS_AIRES;10M-20M;INTERIOR;126205;38;NO;NO;NO;NO;NO;M;SI
582;BUENOS_AIRES;30M-50M;ZONA_SUR;otros;50;NO;SI;NO;SI;SI;M;SI
583;CATAMARCA;50M+;INTERIOR;otros;44;NO;SI;NO;NO;NO;M;SI
584;CAPITAL_FEDERAL;30M-50M;CAPITAL_FEDERAL;113809;61;NO;SI;NO;NO;NO;F;NO
585;MENDOZA;10M-20M;INTERIOR;126205;47;NO;NO;NO;NO;NO;M;NO
586;BUENOS_AIRES;10M-20M;INTERIOR;otros;41;NO;NO;NO;NO;SI;M;SI
587;CAPITAL_FEDERAL;50M+;CAPITAL_FEDERAL;113809;58;NO;SI;NO;NO;NO;F;SI
588;BUENOS_AIRES;10M-20M;ZONA_OESTE;otros;30;NO;NO;NO;NO;NO;M;NO
589;ENTRE_RIOS;30M-50M;INTERIOR;400800;47;NO;NO;NO;SI;NO;M;SI
590;BUENOS_AIRES;10M-20M;INTERIOR;126205;50;NO;SI;NO;SI;NO;M;SI
591;BUENOS_AIRES;30M-50M;INTERIOR;otros;45;NO;SI;NO;NO;NO;M;SI
592;CAPITAL_FEDERAL;30M-50M;CAPITAL_FEDERAL;400800;39;NO;SI;NO;NO;NO;F;SI
593;BUENOS_AIRES;10M-20M;ZONA_SUR;otros;42;NO;SI;SI;NO;NO;M;SI
594;MISIONES;0M-10M;INTERIOR;otros;40;NO;SI;NO;NO;NO;F;NO
595;BUENOS_AIRES;0M-10M;INTERIOR;otros;35;NO;NO;NO;NO;NO;M;NO
596;SAN_LUIS;30M-50M;INTERIOR;otros;43;NO;SI;NO;SI;NO;M;SI
597;CAPITAL_FEDERAL;0M-10M;CAPITAL_FEDERAL;406;62;NO;SI;NO;NO;NO;F;NO
598;CAPITAL_FEDERAL;50M+;CAPITAL_FEDERAL;otros;59;NO;SI;NO;NO;NO;F;NO
599;CORDOBA;50M+;INTERIOR;otros;41;NO;SI;SI;NO;NO;M;SI
600;SANTIAGO_DEL_ESTERO;20M-30M;INTERIOR;otros;42;NO;SI;NO;NO;NO;M;SI
601;BUENOS_AIRES;10M-20M;ZONA_NORTE;126205;46;NO;SI;NO;NO;NO;F;NO
602;CORDOBA;10M-20M;INTERIOR;otros;43;NO;NO;NO;NO;NO;M;SI
603;CAPITAL_FEDERAL;30M-50M;CAPITAL_FEDERAL;113809;39;NO;SI;NO;NO;NO;F;NO
604;CAPITAL_FEDERAL;10M-20M;CAPITAL_FEDERAL;otros;36;NO;NO;NO;NO;SI;M;NO
605;BUENOS_AIRES;10M-20M;ZONA_OESTE;otros;27;NO;NO;NO;NO;NO;F;SI
606;BUENOS_AIRES;0M-10M;ZONA_SUR;otros;45;NO;NO;SI;NO;NO;M;NO
607;MENDOZA;10M-20M;INTERIOR;otros;59;NO;SI;NO;NO;NO;M;SI
608;CAPITAL_FEDERAL;10M-20M;CAPITAL_FEDERAL;400800;39;NO;NO;NO;NO;NO;M;SI
609;BUENOS_AIRES;0M-10M;ZONA_NORTE;otros;31;NO;NO;NO;NO;SI;F;NO
610;TUCUMAN;10M-20M;INTERIOR;otros;35;NO;SI;NO;NO;NO;F;NO
611;BUENOS_AIRES;30M-50M;ZONA_NORTE;113809;36;NO;SI;NO;NO;NO;M;SI
612;BUENOS_AIRES;10M-20M;INTERIOR;406;47;NO;SI;NO;NO;NO;F;SI
613;BUENOS_AIRES;0M-10M;INTERIOR;106302;54;NO;SI;NO;NO;NO;F;SI
614;JUJUY;10M-20M;INTERIOR;otros;39;NO;SI;NO;NO;NO;M;NO
615;SANTA_FE;30M-50M;INTERIOR;otros;34;NO;NO;NO;NO;NO;M;SI
616;SAN_LUIS;10M-20M;INTERIOR;otros;32;NO;SI;SI;NO;NO;M;SI
617;BUENOS_AIRES;20M-30M;INTERIOR;otros;68;NO;NO;NO;SI;NO;M;SI
618;LA_RIOJA;0M-10M;INTERIOR;126205;42;NO;SI;NO;SI;SI;M;SI
619;BUENOS_AIRES;30M-50M;ZONA_SUR;106302;57;NO;SI;SI;NO;NO;M;SI
620;BUENOS_AIRES;10M-20M;INTERIOR;126205;40;NO;NO;NO;SI;SI;M;SI
621;SANTA_FE;20M-30M;INTERIOR;otros;49;NO;SI;NO;NO;NO;M;NO
622;SANTA_FE;20M-30M;INTERIOR;500807;58;SI;SI;NO;NO;NO;F;SI
623;BUENOS_AIRES;10M-20M;ZONA_SUR;otros;37;NO;NO;NO;NO;NO;F;SI
624;BUENOS_AIRES;0M-10M;ZONA_NORTE;106302;38;NO;SI;SI;NO;NO;F;SI
625;CAPITAL_FEDERAL;30M-50M;CAPITAL_FEDERAL;otros;64;NO;SI;NO;NO;NO;M;NO
626;SANTA_FE;10M-20M;INTERIOR;otros;57;NO;SI;NO;NO;NO;M;SI
627;SANTA_FE;30M-50M;INTERIOR;otros;58;NO;SI;NO;NO;SI;M;SI
628;SANTA_FE;0M-10M;INTERIOR;otros;54;NO;SI;NO;NO;SI;M;NO
629;SANTA_FE;20M-30M;INTERIOR;otros;44;NO;SI;NO;NO;NO;M;SI
630;SALTA;20M-30M;INTERIOR;otros;57;NO;NO;NO;NO;SI;M;NO
631;BUENOS_AIRES;20M-30M;ZONA_SUR;otros;45;NO;SI;NO;SI;NO;M;SI
632;SAN_JUAN;0M-10M;INTERIOR;otros;64;NO;SI;NO;NO;NO;M;SI
633;BUENOS_AIRES;10M-20M;INTERIOR;otros;61;NO;SI;NO;NO;SI;M;SI
634;CAPITAL_FEDERAL;0M-10M;CAPITAL_FEDERAL;400800;38;NO;NO;NO;NO;NO;M;NO
635;BUENOS_AIRES;30M-50M;ZONA_OESTE;400909;48;NO;SI;NO;NO;NO;M;SI
636;BUENOS_AIRES;20M-30M;ZONA_NORTE;otros;45;NO;SI;NO;SI;SI;F;SI
637;CORRIENTES;0M-10M;INTERIOR;otros;62;SI;NO;NO;NO;NO;F;NO
638;MISIONES;10M-20M;INTERIOR;otros;33;NO;NO;NO;NO;SI;M;NO
639;SANTA_FE;10M-20M;INTERIOR;406;40;NO;SI;SI;NO;NO;F;NO
640;BUENOS_AIRES;30M-50M;ZONA_OESTE;otros;34;NO;SI;NO;NO;NO;M;SI
641;BUENOS_AIRES;0M-10M;ZONA_OESTE;otros;50;NO;SI;NO;NO;NO;M;NO
642;RIO_NEGRO;0M-10M;INTERIOR;126205;52;NO;NO;NO;NO;NO;M;SI
643;LA_PAMPA;10M-20M;INTERIOR;otros;40;NO;SI;NO;NO;NO;F;SI
644;CAPITAL_FEDERAL;30M-50M;CAPITAL_FEDERAL;otros;42;NO;SI;NO;NO;NO;M;SI
645;MISIONES;10M-20M;INTERIOR;otros;44;NO;SI;NO;SI;SI;M;SI
646;SANTA_FE;10M-20M;INTERIOR;otros;32;NO;NO;NO;NO;NO;F;NO
647;CORDOBA;10M-20M;INTERIOR;otros;39;NO;NO;NO;NO;NO;M;NO
648;BUENOS_AIRES;10M-20M;INTERIOR;otros;44;NO;SI;NO;NO;NO;F;SI
649;CAPITAL_FEDERAL;10M-20M;CAPITAL_FEDERAL;otros;51;NO;NO;NO;NO;NO;F;NO
650;BUENOS_AIRES;10M-20M;INTERIOR;otros;38;NO;SI;NO;NO;NO;M;NO
651;BUENOS_AIRES;10M-20M;ZONA_NORTE;otros;59;NO;SI;NO;NO;SI;F;SI
652;MENDOZA;30M-50M;INTERIOR;400800;46;NO;SI;NO;NO;NO;M;SI
653;CORDOBA;50M+;INTERIOR;400800;52;NO;SI;NO;NO;SI;M;SI
654;CAPITAL_FEDERAL;10M-20M;CAPITAL_FEDERAL;otros;64;NO;SI;NO;NO;NO;M;NO
655;CORDOBA;30M-50M;INTERIOR;otros;41;NO;NO;NO;NO;NO;M;SI
656;BUENOS_AIRES;10M-20M;ZONA_OESTE;otros;26;NO;SI;NO;NO;NO;F;NO
657;CAPITAL_FEDERAL;20M-30M;CAPITAL_FEDERAL;400800;42;NO;SI;NO;NO;NO;F;SI
658;BUENOS_AIRES;30M-50M;ZONA_OESTE;otros;62;NO;SI;NO;SI;NO;M;SI
659;BUENOS_AIRES;50M+;INTERIOR;106302;61;NO;SI;NO;NO;NO;F;SI
660;BUENOS_AIRES;10M-20M;INTERIOR;otros;41;NO;SI;NO;NO;NO;F;NO
661;CAPITAL_FEDERAL;10M-20M;CAPITAL_FEDERAL;400800;41;NO;NO;NO;NO;NO;F;NO
662;TUCUMAN;10M-20M;INTERIOR;otros;41;NO;SI;NO;NO;NO;F;NO
663;LA_PAMPA;20M-30M;INTERIOR;otros;37;NO;SI;NO;NO;NO;M;SI
664;CAPITAL_FEDERAL;10M-20M;CAPITAL_FEDERAL;otros;82;SI;NO;NO;NO;NO;F;NO
665;BUENOS_AIRES;10M-20M;ZONA_NORTE;400800;38;NO;SI;NO;NO;NO;M;SI
666;BUENOS_AIRES;10M-20M;ZONA_NORTE;otros;34;NO;SI;NO;NO;NO;M;SI
667;MISIONES;30M-50M;INTERIOR;otros;47;NO;NO;NO;SI;SI;M;SI
668;SANTA_FE;0M-10M;INTERIOR;126205;77;NO;NO;NO;NO;NO;F;NO
669;CAPITAL_FEDERAL;50M+;CAPITAL_FEDERAL;otros;70;NO;SI;NO;NO;NO;M;SI
670;SANTA_FE;0M-10M;INTERIOR;otros;52;NO;NO;NO;NO;NO;M;SI
671;BUENOS_AIRES;20M-30M;ZONA_SUR;otros;52;NO;NO;NO;NO;NO;F;NO
672;BUENOS_AIRES;20M-30M;ZONA_OESTE;otros;43;NO;SI;NO;SI;SI;M;SI
673;SANTA_CRUZ;50M+;INTERIOR;otros;44;NO;NO;NO;NO;SI;M;SI
674;BUENOS_AIRES;20M-30M;ZONA_SUR;otros;35;NO;NO;NO;NO;NO;F;SI
675;CAPITAL_FEDERAL;20M-30M;CAPITAL_FEDERAL;406;50;NO;NO;NO;NO;NO;M;NO
676;CORRIENTES;30M-50M;INTERIOR;126205;41;NO;SI;NO;SI;SI;M;SI
677;CAPITAL_FEDERAL;30M-50M;CAPITAL_FEDERAL;otros;60;NO;SI;NO;NO;NO;M;SI
678;MENDOZA;0M-10M;INTERIOR;otros;39;NO;SI;NO;NO;NO;F;NO
679;FORMOSA;10M-20M;INTERIOR;otros;46;NO;SI;NO;NO;NO;M;SI
680;CORDOBA;0M-10M;INTERIOR;otros;35;NO;SI;NO;NO;NO;F;NO
681;SALTA;10M-20M;INTERIOR;otros;34;NO;SI;NO;NO;NO;M;SI
682;CORDOBA;10M-20M;INTERIOR;otros;40;NO;SI;NO;NO;NO;F;SI
683;BUENOS_AIRES;50M+;INTERIOR;otros;48;NO;SI;NO;NO;SI;M;SI
684;SANTA_FE;20M-30M;INTERIOR;otros;53;NO;SI;NO;NO;NO;M;NO
685;CAPITAL_FEDERAL;20M-30M;CAPITAL_FEDERAL;otros;36;NO;SI;NO;NO;NO;F;NO
686;CAPITAL_FEDERAL;30M-50M;CAPITAL_FEDERAL;otros;52;NO;SI;NO;NO;NO;F;NO
687;CORDOBA;0M-10M;INTERIOR;otros;40;NO;SI;NO;NO;SI;M;SI
688;BUENOS_AIRES;50M+;INTERIOR;otros;54;NO;SI;NO;SI;SI;M;NO
689;NEUQUEN;20M-30M;INTERIOR;400800;44;NO;SI;SI;NO;NO;F;NO
690;BUENOS_AIRES;30M-50M;ZONA_NORTE;otros;59;NO;SI;NO;NO;SI;F;SI
691;BUENOS_AIRES;30M-50M;ZONA_SUR;otros;57;NO;SI;NO;SI;NO;M;SI
692;CAPITAL_FEDERAL;20M-30M;CAPITAL_FEDERAL;otros;49;NO;NO;NO;SI;SI;M;NO
693;BUENOS_AIRES;50M+;ZONA_NORTE;113809;62;NO;SI;NO;NO;NO;M;SI
694;MISIONES;10M-20M;INTERIOR;otros;35;NO;NO;NO;NO;NO;M;NO
695;BUENOS_AIRES;10M-20M;ZONA_SUR;otros;32;NO;NO;NO;NO;NO;M;SI
696;BUENOS_AIRES;10M-20M;ZONA_NORTE;otros;36;NO;SI;NO;NO;NO;M;NO
697;CORDOBA;0M-10M;INTERIOR;126205;48;NO;SI;NO;NO;NO;M;SI
698;TUCUMAN;20M-30M;INTERIOR;400800;39;NO;SI;SI;NO;NO;M;SI
699;BUENOS_AIRES;50M+;ZONA_NORTE;113809;53;NO;SI;NO;NO;NO;M;SI
700;ENTRE_RIOS;10M-20M;INTERIOR;otros;27;NO;NO;NO;NO;NO;M;NO
701;CAPITAL_FEDERAL;30M-50M;CAPITAL_FEDERAL;otros;63;NO;SI;NO;NO;NO;M;NO
702;TUCUMAN;50M+;INTERIOR;otros;48;NO;SI;NO;NO;SI;M;SI
703;SANTIAGO_DEL_ESTERO;20M-30M;INTERIOR;otros;43;NO;SI;NO;NO;NO;M;SI
704;SANTA_FE;10M-20M;INTERIOR;otros;46;NO;SI;NO;NO;SI;F;SI
705;BUENOS_AIRES;20M-30M;ZONA_OESTE;otros;38;NO;NO;NO;NO;NO;M;SI
706;LA_RIOJA;10M-20M;INTERIOR;otros;45;NO;SI;NO;NO;NO;M;SI
707;TUCUMAN;10M-20M;INTERIOR;otros;54;NO;SI;NO;NO;NO;M;SI
708;BUENOS_AIRES;0M-10M;INTERIOR;126205;53;NO;SI;SI;SI;SI;M;SI
709;CORRIENTES;0M-10M;INTERIOR;otros;66;NO;NO;NO;NO;NO;F;NO
710;SANTA_FE;30M-50M;INTERIOR;otros;52;NO;SI;NO;NO;NO;F;SI
711;BUENOS_AIRES;30M-50M;ZONA_SUR;otros;40;NO;NO;NO;NO;NO;F;SI
712;CAPITAL_FEDERAL;10M-20M;CAPITAL_FEDERAL;otros;25;NO;NO;NO;NO;NO;M;NO
713;SANTA_FE;20M-30M;INTERIOR;otros;30;NO;SI;NO;NO;NO;M;SI
714;BUENOS_AIRES;50M+;ZONA_SUR;400909;46;NO;SI;NO;SI;SI;M;SI
715;CAPITAL_FEDERAL;50M+;CAPITAL_FEDERAL;400800;43;NO;SI;NO;NO;NO;F;SI
716;SANTA_FE;10M-20M;INTERIOR;otros;62;NO;SI;NO;SI;NO;M;SI
717;BUENOS_AIRES;20M-30M;ZONA_NORTE;otros;31;NO;SI;NO;NO;NO;M;SI
718;TUCUMAN;10M-20M;INTERIOR;otros;32;NO;SI;NO;NO;NO;M;SI
719;SANTA_FE;10M-20M;INTERIOR;406;41;NO;SI;NO;NO;NO;M;SI
720;BUENOS_AIRES;50M+;ZONA_OESTE;400800;54;NO;SI;NO;NO;NO;M;SI
721;BUENOS_AIRES;50M+;ZONA_SUR;400800;41;NO;SI;NO;SI;NO;M;SI
722;SANTA_FE;0M-10M;INTERIOR;otros;76;SI;NO;NO;NO;NO;F;NO
723;CORDOBA;20M-30M;INTERIOR;otros;60;NO;NO;NO;NO;NO;M;SI
724;RIO_NEGRO;10M-20M;INTERIOR;otros;40;NO;SI;NO;NO;NO;F;NO
725;SANTA_FE;30M-50M;INTERIOR;otros;33;NO;SI;NO;NO;NO;F;SI
726;BUENOS_AIRES;30M-50M;ZONA_NORTE;400800;58;NO;NO;NO;SI;SI;M;SI
727;BUENOS_AIRES;0M-10M;ZONA_SUR;otros;42;NO;NO;NO;NO;NO;M;SI
728;JUJUY;30M-50M;INTERIOR;106302;57;NO;SI;NO;SI;NO;F;SI
729;BUENOS_AIRES;10M-20M;ZONA_SUR;otros;59;NO;SI;NO;SI;NO;M;SI
730;BUENOS_AIRES;10M-20M;ZONA_OESTE;otros;54;NO;NO;NO;NO;NO;F;SI
731;CAPITAL_FEDERAL;30M-50M;CAPITAL_FEDERAL;otros;46;NO;SI;NO;NO;NO;M;SI
732;CAPITAL_FEDERAL;10M-20M;CAPITAL_FEDERAL;otros;52;NO;NO;NO;NO;NO;F;NO
733;SALTA;50M+;INTERIOR;otros;48;NO;SI;NO;NO;SI;M;SI
734;BUENOS_AIRES;20M-30M;ZONA_OESTE;otros;41;NO;NO;NO;NO;NO;F;SI
735;CAPITAL_FEDERAL;30M-50M;CAPITAL_FEDERAL;400909;49;NO;SI;NO;NO;NO;M;NO
736;CAPITAL_FEDERAL;30M-50M;CAPITAL_FEDERAL;otros;49;NO;SI;NO;NO;NO;M;SI
737;BUENOS_AIRES;10M-20M;INTERIOR;otros;46;NO;SI;NO;NO;SI;M;NO
738;BUENOS_AIRES;10M-20M;ZONA_NORTE;otros;35;NO;SI;NO;NO;NO;M;NO
739;MENDOZA;20M-30M;INTERIOR;otros;42;NO;SI;NO;SI;SI;F;NO
740;CAPITAL_FEDERAL;10M-20M;CAPITAL_FEDERAL;400909;34;NO;NO;NO;NO;NO;F;NO
741;BUENOS_AIRES;10M-20M;INTERIOR;500807;54;SI;SI;NO;SI;NO;M;SI
742;CAPITAL_FEDERAL;10M-20M;CAPITAL_FEDERAL;otros;53;NO;NO;NO;NO;NO;F;SI
743;BUENOS_AIRES;10M-20M;ZONA_SUR;otros;49;NO;SI;NO;NO;NO;M;NO
744;BUENOS_AIRES;10M-20M;ZONA_SUR;otros;29;NO;NO;NO;NO;NO;F;NO
745;CORDOBA;10M-20M;INTERIOR;126205;58;NO;SI;NO;NO;NO;M;SI
746;SANTA_FE;10M-20M;INTERIOR;otros;47;NO;NO;NO;SI;SI;M;NO
747;CAPITAL_FEDERAL;30M-50M;CAPITAL_FEDERAL;otros;52;NO;SI;NO;NO;SI;M;SI
748;BUENOS_AIRES;10M-20M;ZONA_OESTE;otros;54;NO;NO;NO;SI;SI;M;SI
749;BUENOS_AIRES;30M-50M;ZONA_OESTE;otros;40;NO;SI;NO;NO;SI;M;SI
750;BUENOS_AIRES;20M-30M;INTERIOR;otros;41;NO;NO;NO;NO;NO;M;NO
751;ENTRE_RIOS;10M-20M;INTERIOR;otros;33;NO;NO;NO;NO;NO;F;NO
752;BUENOS_AIRES;30M-50M;INTERIOR;400800;28;NO;SI;NO;NO;NO;M;NO
753;BUENOS_AIRES;10M-20M;ZONA_OESTE;otros;47;NO;SI;NO;NO;NO;F;SI
754;SANTA_FE;20M-30M;INTERIOR;otros;36;NO;SI;NO;NO;NO;F;SI
755;SALTA;20M-30M;INTERIOR;otros;46;NO;SI;NO;SI;SI;M;SI
756;BUENOS_AIRES;0M-10M;ZONA_NORTE;otros;31;NO;NO;NO;NO;NO;M;NO
757;CAPITAL_FEDERAL;50M+;CAPITAL_FEDERAL;otros;50;NO;NO;NO;NO;NO;M;NO
758;BUENOS_AIRES;10M-20M;INTERIOR;500807;62;SI;SI;NO;NO;NO;M;SI
759;BUENOS_AIRES;10M-20M;ZONA_OESTE;otros;50;NO;NO;NO;SI;NO;M;SI
760;SALTA;20M-30M;INTERIOR;otros;35;NO;SI;NO;NO;NO;F;NO
761;BUENOS_AIRES;0M-10M;INTERIOR;otros;46;NO;SI;NO;SI;SI;M;SI
762;BUENOS_AIRES;30M-50M;ZONA_OESTE;400909;52;NO;SI;NO;NO;SI;M;SI
763;BUENOS_AIRES;20M-30M;ZONA_SUR;otros;48;NO;SI;NO;NO;NO;M;SI
764;BUENOS_AIRES;10M-20M;ZONA_NORTE;126205;48;NO;SI;NO;NO;NO;M;SI
765;BUENOS_AIRES;10M-20M;ZONA_SUR;126205;61;NO;SI;NO;SI;SI;M;SI
766;CORDOBA;10M-20M;INTERIOR;otros;37;NO;NO;NO;NO;NO;M;NO
767;CORDOBA;10M-20M;INTERIOR;otros;38;NO;NO;NO;NO;NO;M;SI
768;SANTIAGO_DEL_ESTERO;10M-20M;INTERIOR;otros;29;NO;SI;NO;NO;NO;M;SI
769;CORDOBA;30M-50M;INTERIOR;otros;50;NO;SI;NO;NO;SI;M;SI
770;SANTA_FE;30M-50M;INTERIOR;otros;65;NO;SI;NO;SI;NO;M;SI
771;CAPITAL_FEDERAL;0M-10M;CAPITAL_FEDERAL;otros;62;NO;SI;NO;NO;NO;M;SI
772;SANTA_FE;50M+;INTERIOR;otros;47;NO;SI;NO;SI;SI;M;SI
773;SALTA;10M-20M;INTERIOR;otros;29;NO;SI;NO;NO;NO;M;SI
774;CAPITAL_FEDERAL;50M+;CAPITAL_FEDERAL;otros;36;NO;SI;NO;NO;NO;M;SI
775;CAPITAL_FEDERAL;50M+;CAPITAL_FEDERAL;otros;52;NO;SI;NO;NO;NO;M;SI
776;CORDOBA;20M-30M;INTERIOR;otros;55;NO;NO;NO;NO;NO;M;NO
777;CAPITAL_FEDERAL;30M-50M;CAPITAL_FEDERAL;400909;30;NO;NO;NO;NO;NO;M;NO
778;BUENOS_AIRES;30M-50M;ZONA_SUR;otros;72;NO;SI;NO;NO;NO;F;SI
779;BUENOS_AIRES;50M+;INTERIOR;otros;41;NO;SI;NO;SI;SI;M;SI
780;TIERRA_DEL_FUEGO;50M+;INTERIOR;otros;50;NO;SI;NO;SI;SI;M;SI
781;BUENOS_AIRES;10M-20M;ZONA_NORTE;otros;36;NO;NO;NO;SI;SI;M;NO
782;BUENOS_AIRES;10M-20M;ZONA_NORTE;400800;34;NO;SI;NO;NO;NO;M;SI
783;CORDOBA;10M-20M;INTERIOR;otros;35;NO;SI;SI;NO;NO;F;SI
784;SALTA;10M-20M;INTERIOR;otros;58;NO;SI;NO;NO;NO;M;NO
785;BUENOS_AIRES;20M-30M;ZONA_SUR;otros;45;NO;SI;NO;NO;SI;F;SI
786;CAPITAL_FEDERAL;30M-50M;CAPITAL_FEDERAL;113809;59;NO;SI;NO;NO;SI;M;SI
787;TUCUMAN;0M-10M;INTERIOR;otros;36;NO;SI;NO;NO;SI;F;NO
788;BUENOS_AIRES;30M-50M;ZONA_SUR;otros;41;NO;SI;NO;SI;SI;M;SI
789;BUENOS_AIRES;50M+;ZONA_SUR;otros;39;NO;SI;NO;NO;NO;M;SI
790;LA_RIOJA;30M-50M;INTERIOR;400800;49;NO;NO;NO;NO;NO;M;NO
791;BUENOS_AIRES;10M-20M;ZONA_OESTE;otros;49;NO;SI;NO;NO;NO;F;NO
792;BUENOS_AIRES;0M-10M;INTERIOR;126205;67;NO;NO;NO;NO;NO;M;NO
793;MENDOZA;0M-10M;INTERIOR;otros;36;NO;SI;NO;NO;NO;F;SI
794;BUENOS_AIRES;50M+;ZONA_SUR;400800;56;NO;SI;NO;NO;NO;M;SI
795;BUENOS_AIRES;30M-50M;ZONA_OESTE;otros;47;NO;NO;SI;NO;NO;F;SI
796;BUENOS_AIRES;20M-30M;ZONA_NORTE;otros;36;NO;SI;NO;NO;NO;M;SI
797;BUENOS_AIRES;20M-30M;ZONA_SUR;otros;51;NO;SI;NO;NO;NO;M;SI
798;CORDOBA;20M-30M;INTERIOR;otros;33;NO;SI;NO;NO;NO;M;SI
799;CAPITAL_FEDERAL;50M+;CAPITAL_FEDERAL;400800;54;NO;SI;NO;NO;SI;F;SI
800;MENDOZA;10M-20M;INTERIOR;otros;37;NO;SI;NO;NO;SI;F;SI
801;BUENOS_AIRES;20M-30M;ZONA_OESTE;otros;66;NO;SI;NO;SI;NO;M;SI
802;BUENOS_AIRES;30M-50M;INTERIOR;otros;61;NO;NO;NO;SI;NO;M;SI
803;BUENOS_AIRES;10M-20M;INTERIOR;otros;47;NO;SI;SI;NO;SI;F;NO
804;SANTA_FE;10M-20M;INTERIOR;otros;52;NO;SI;NO;NO;NO;F;SI
805;SANTA_CRUZ;20M-30M;INTERIOR;126205;31;NO;NO;NO;NO;NO;M;SI
806;BUENOS_AIRES;20M-30M;ZONA_SUR;otros;35;NO;NO;NO;NO;NO;M;SI
807;CORDOBA;10M-20M;INTERIOR;126205;48;NO;SI;NO;NO;SI;M;NO
808;SANTA_FE;20M-30M;INTERIOR;106302;52;NO;NO;NO;NO;NO;M;NO
809;BUENOS_AIRES;10M-20M;INTERIOR;otros;57;NO;SI;NO;NO;SI;M;NO
810;CAPITAL_FEDERAL;10M-20M;CAPITAL_FEDERAL;400800;39;NO;SI;NO;NO;NO;F;SI
811;BUENOS_AIRES;10M-20M;ZONA_OESTE;126205;57;NO;SI;NO;NO;NO;F;NO
812;BUENOS_AIRES;0M-10M;ZONA_OESTE;otros;50;NO;NO;NO;NO;NO;M;SI
813;BUENOS_AIRES;10M-20M;INTERIOR;otros;35;NO;SI;NO;NO;NO;F;NO
814;BUENOS_AIRES;10M-20M;ZONA_SUR;otros;43;NO;SI;SI;NO;NO;F;NO
815;ENTRE_RIOS;10M-20M;INTERIOR;106302;45;NO;NO;NO;NO;NO;F;NO
816;CORDOBA;30M-50M;INTERIOR;otros;54;NO;SI;NO;NO;SI;M;SI
817;CORDOBA;20M-30M;INTERIOR;otros;57;NO;SI;NO;NO;NO;M;SI
818;CAPITAL_FEDERAL;50M+;CAPITAL_FEDERAL;400800;55;NO;SI;NO;SI;NO;F;SI
819;SANTA_FE;10M-20M;INTERIOR;otros;39;NO;SI;NO;NO;NO;F;SI
820;BUENOS_AIRES;10M-20M;ZONA_SUR;126205;53;NO;NO;SI;SI;SI;M;NO
821;BUENOS_AIRES;0M-10M;INTERIOR;500807;65;SI;NO;SI;NO;NO;F;NO
822;SALTA;0M-10M;INTERIOR;106302;39;NO;NO;NO;NO;NO;F;NO
823;BUENOS_AIRES;10M-20M;ZONA_OESTE;otros;53;NO;SI;SI;SI;SI;M;NO
824;TUCUMAN;20M-30M;INTERIOR;126205;40;NO;SI;NO;NO;NO;M;SI
825;CAPITAL_FEDERAL;0M-10M;CAPITAL_FEDERAL;126205;72;SI;NO;NO;NO;NO;M;SI
826;JUJUY;0M-10M;INTERIOR;106302;42;NO;SI;NO;NO;NO;M;NO
827;MISIONES;0M-10M;INTERIOR;otros;71;SI;NO;NO;NO;NO;F;NO
828;BUENOS_AIRES;0M-10M;ZONA_SUR;otros;36;NO;NO;NO;NO;NO;M;SI
829;BUENOS_AIRES;50M+;ZONA_SUR;otros;61;SI;SI;NO;NO;NO;F;SI
830;BUENOS_AIRES;20M-30M;ZONA_OESTE;otros;56;NO;NO;NO;NO;NO;M;SI
831;BUENOS_AIRES;10M-20M;INTERIOR;otros;29;NO;SI;NO;NO;NO;M;SI
832;CORDOBA;50M+;INTERIOR;400909;44;NO;SI;NO;NO;NO;M;SI
833;SANTA_FE;0M-10M;INTERIOR;106302;37;NO;SI;NO;NO;NO;F;SI
834;BUENOS_AIRES;10M-20M;INTERIOR;otros;53;NO;NO;NO;SI;SI;M;NO
835;BUENOS_AIRES;0M-10M;INTERIOR;406;43;NO;SI;NO;NO;NO;F;NO
836;BUENOS_AIRES;10M-20M;INTERIOR;otros;33;NO;SI;NO;NO;NO;F;SI
837;BUENOS_AIRES;50M+;ZONA_NORTE;400800;46;NO;SI;NO;NO;SI;F;NO
838;LA_PAMPA;10M-20M;INTERIOR;126205;38;NO;SI;NO;NO;NO;M;NO
839;BUENOS_AIRES;0M-10M;INTERIOR;otros;53;NO;NO;NO;NO;NO;F;NO
840;CORRIENTES;0M-10M;INTERIOR;500807;85;SI;NO;NO;NO;NO;F;NO
841;CORDOBA;10M-20M;INTERIOR;otros;35;NO;SI;NO;SI;SI;M;NO
842;SANTA_FE;10M-20M;INTERIOR;otros;57;NO;SI;NO;NO;NO;F;SI
843;BUENOS_AIRES;50M+;ZONA_OESTE;400800;43;NO;SI;NO;NO;NO;F;SI
844;CAPITAL_FEDERAL;30M-50M;CAPITAL_FEDERAL;otros;49;NO;NO;NO;NO;NO;M;NO
845;BUENOS_AIRES;10M-20M;INTERIOR;106302;47;NO;SI;SI;NO;NO;F;SI
846;BUENOS_AIRES;0M-10M;ZONA_NORTE;otros;52;NO;NO;NO;NO;NO;F;SI
847;BUENOS_AIRES;10M-20M;ZONA_SUR;otros;45;NO;NO;SI;NO;SI;M;NO
848;BUENOS_AIRES;10M-20M;ZONA_SUR;otros;58;NO;SI;NO;NO;NO;M;SI
849;BUENOS_AIRES;10M-20M;INTERIOR;otros;38;NO;SI;NO;NO;NO;F;SI
850;BUENOS_AIRES;50M+;ZONA_NORTE;otros;48;NO;SI;NO;NO;NO;M;SI
851;BUENOS_AIRES;20M-30M;ZONA_OESTE;otros;42;NO;SI;NO;NO;NO;F;SI
852;BUENOS_AIRES;50M+;ZONA_SUR;113809;47;NO;SI;NO;NO;NO;M;SI
853;BUENOS_AIRES;0M-10M;ZONA_OESTE;126205;56;NO;NO;SI;SI;SI;M;NO
854;CAPITAL_FEDERAL;30M-50M;CAPITAL_FEDERAL;113809;62;NO;NO;NO;NO;NO;F;SI
855;BUENOS_AIRES;10M-20M;ZONA_OESTE;otros;48;NO;NO;NO;NO;NO;F;SI
856;BUENOS_AIRES;10M-20M;ZONA_NORTE;otros;26;NO;NO;NO;NO;NO;F;NO
857;CORDOBA;10M-20M;INTERIOR;113809;45;NO;NO;NO;NO;NO;F;SI
858;BUENOS_AIRES;10M-20M;ZONA_NORTE;otros;34;NO;SI;NO;NO;NO;M;SI
859;SALTA;10M-20M;INTERIOR;otros;33;NO;NO;NO;NO;NO;M;NO
860;BUENOS_AIRES;10M-20M;INTERIOR;otros;62;NO;SI;NO;NO;NO;M;NO
861;CHUBUT;30M-50M;INTERIOR;500807;64;SI;SI;NO;NO;NO;F;SI
862;BUENOS_AIRES;20M-30M;ZONA_SUR;otros;40;NO;NO;SI;NO;NO;F;NO
863;TUCUMAN;10M-20M;INTERIOR;126205;62;NO;SI;NO;SI;NO;M;SI
864;TUCUMAN;0M-10M;INTERIOR;otros;47;NO;SI;NO;NO;NO;F;NO
865;TUCUMAN;10M-20M;INTERIOR;otros;40;NO;SI;NO;NO;SI;M;SI
866;RIO_NEGRO;10M-20M;INTERIOR;otros;56;NO;SI;NO;NO;NO;M;SI
867;CORDOBA;0M-10M;INTERIOR;otros;35;NO;NO;NO;NO;NO;M;SI
868;TUCUMAN;0M-10M;INTERIOR;otros;39;NO;NO;NO;NO;NO;M;NO
869;CAPITAL_FEDERAL;30M-50M;CAPITAL_FEDERAL;otros;61;NO;NO;NO;NO;NO;M;SI
870;JUJUY;20M-30M;INTERIOR;otros;37;NO;SI;NO;NO;NO;M;NO
871;CAPITAL_FEDERAL;20M-30M;CAPITAL_FEDERAL;otros;62;NO;SI;NO;NO;NO;M;SI
872;CAPITAL_FEDERAL;20M-30M;CAPITAL_FEDERAL;otros;33;NO;NO;NO;NO;NO;M;NO
873;BUENOS_AIRES;30M-50M;INTERIOR;otros;44;NO;SI;NO;SI;NO;M;SI
874;BUENOS_AIRES;0M-10M;ZONA_SUR;otros;46;NO;NO;SI;NO;NO;F;NO
875;ENTRE_RIOS;20M-30M;INTERIOR;otros;31;NO;SI;NO;NO;NO;F;SI
876;SANTA_FE;10M-20M;INTERIOR;otros;52;NO;SI;NO;NO;SI;M;SI
877;TUCUMAN;10M-20M;INTERIOR;126205;45;NO;SI;NO;NO;SI;M;SI
878;SANTA_FE;30M-50M;INTERIOR;400800;55;NO;SI;SI;NO;NO;M;SI
879;BUENOS_AIRES;10M-20M;ZONA_SUR;otros;40;NO;NO;SI;NO;NO;M;NO
880;BUENOS_AIRES;10M-20M;ZONA_OESTE;otros;34;NO;NO;SI;NO;NO;M;SI
881;CORDOBA;10M-20M;INTERIOR;otros;28;NO;SI;NO;NO;NO;M;SI
882;BUENOS_AIRES;50M+;ZONA_SUR;406;45;NO;SI;NO;NO;NO;F;SI
883;SANTIAGO_DEL_ESTERO;0M-10M;INTERIOR;otros;38;NO;NO;NO;NO;NO;M;SI
884;CORDOBA;30M-50M;INTERIOR;406;42;NO;SI;NO;NO;NO;M;SI
885;BUENOS_AIRES;10M-20M;INTERIOR;otros;36;NO;NO;NO;NO;NO;M;SI
886;SANTA_FE;50M+;INTERIOR;400800;36;NO;SI;NO;NO;NO;M;SI
887;BUENOS_AIRES;0M-10M;INTERIOR;500807;88;SI;NO;NO;NO;NO;F;NO
888;CORDOBA;20M-30M;INTERIOR;otros;35;NO;NO;SI;SI;NO;M;SI
889;BUENOS_AIRES;10M-20M;INTERIOR;otros;57;NO;NO;NO;NO;NO;F;SI
890;SANTA_FE;10M-20M;INTERIOR;106302;60;NO;SI;NO;NO;NO;M;SI
891;BUENOS_AIRES;10M-20M;INTERIOR;otros;52;NO;NO;NO;NO;NO;M;SI
892;BUENOS_AIRES;20M-30M;ZONA_OESTE;otros;44;NO;NO;NO;NO;NO;M;SI
893;CORDOBA;10M-20M;INTERIOR;otros;39;NO;NO;SI;NO;SI;F;SI
894;CAPITAL_FEDERAL;30M-50M;CAPITAL_FEDERAL;113809;42;NO;SI;NO;NO;NO;F;NO
895;BUENOS_AIRES;20M-30M;INTERIOR;otros;50;NO;NO;NO;NO;SI;F;SI
896;BUENOS_AIRES;30M-50M;ZONA_NORTE;otros;63;NO;SI;NO;NO;NO;M;SI
897;CORDOBA;10M-20M;INTERIOR;otros;35;NO;SI;NO;NO;NO;F;SI
898;CAPITAL_FEDERAL;30M-50M;CAPITAL_FEDERAL;otros;42;NO;NO;NO;NO;NO;M;SI
899;SANTA_FE;20M-30M;INTERIOR;otros;32;NO;SI;SI;NO;SI;M;NO
900;CORDOBA;0M-10M;INTERIOR;otros;36;NO;SI;NO;NO;NO;M;SI
901;ENTRE_RIOS;30M-50M;INTERIOR;otros;58;NO;SI;NO;NO;NO;F;SI
902;BUENOS_AIRES;50M+;ZONA_NORTE;113809;58;NO;SI;NO;NO;SI;F;SI
903;CAPITAL_FEDERAL;30M-50M;CAPITAL_FEDERAL;otros;48;NO;SI;NO;NO;NO;M;SI
904;BUENOS_AIRES;10M-20M;INTERIOR;500807;81;SI;NO;NO;SI;NO;M;SI
905;BUENOS_AIRES;10M-20M;ZONA_NORTE;126205;53;NO;NO;NO;NO;NO;M;SI
906;CAPITAL_FEDERAL;20M-30M;CAPITAL_FEDERAL;otros;39;NO;SI;NO;NO;NO;F;NO
907;BUENOS_AIRES;0M-10M;ZONA_SUR;otros;53;NO;NO;NO;NO;NO;M;SI
908;SANTIAGO_DEL_ESTERO;0M-10M;INTERIOR;otros;38;NO;SI;NO;NO;NO;F;SI
909;SANTA_FE;0M-10M;INTERIOR;406;41;NO;SI;NO;NO;NO;F;SI
910;BUENOS_AIRES;30M-50M;ZONA_SUR;400800;37;NO;SI;NO;NO;NO;F;SI
911;BUENOS_AIRES;0M-10M;INTERIOR;otros;42;NO;NO;NO;NO;NO;F;SI
912;SANTA_FE;10M-20M;INTERIOR;otros;52;NO;SI;NO;NO;NO;M;SI
913;CAPITAL_FEDERAL;30M-50M;CAPITAL_FEDERAL;otros;31;NO;SI;NO;NO;NO;F;NO
914;BUENOS_AIRES;0M-10M;INTERIOR;126205;48;NO;SI;NO;SI;SI;F;NO
915;SANTIAGO_DEL_ESTERO;20M-30M;INTERIOR;400800;38;NO;NO;NO;NO;NO;F;SI
916;SANTA_FE;20M-30M;INTERIOR;otros;61;NO;NO;NO;NO;NO;M;SI
917;BUENOS_AIRES;10M-20M;INTERIOR;500807;54;SI;SI;NO;NO;NO;M;SI
918;SALTA;20M-30M;INTERIOR;otros;44;NO;NO;NO;NO;NO;F;NO
919;JUJUY;10M-20M;INTERIOR;otros;35;NO;SI;NO;NO;NO;M;NO
920;ENTRE_RIOS;0M-10M;INTERIOR;126205;45;NO;SI;NO;NO;SI;F;SI
921;BUENOS_AIRES;50M+;INTERIOR;otros;56;NO;SI;NO;SI;NO;M;SI
922;BUENOS_AIRES;20M-30M;ZONA_NORTE;406;50;NO;NO;NO;NO;NO;F;NO
923;TIERRA_DEL_FUEGO;50M+;INTERIOR;otros;56;NO;SI;NO;NO;SI;M;SI
924;BUENOS_AIRES;20M-30M;INTERIOR;otros;35;NO;SI;NO;NO;NO;F;SI
925;BUENOS_AIRES;10M-20M;ZONA_NORTE;otros;51;NO;SI;NO;NO;NO;M;SI
926;BUENOS_AIRES;30M-50M;INTERIOR;126205;44;NO;SI;NO;NO;NO;F;NO
927;BUENOS_AIRES;10M-20M;INTERIOR;500807;66;SI;SI;NO;NO;NO;M;SI
928;BUENOS_AIRES;10M-20M;ZONA_SUR;otros;35;NO;SI;NO;NO;NO;M;NO
929;CAPITAL_FEDERAL;30M-50M;CAPITAL_FEDERAL;400800;64;NO;SI;NO;NO;NO;M;SI
930;CAPITAL_FEDERAL;0M-10M;CAPITAL_FEDERAL;406;39;NO;SI;NO;NO;NO;M;SI
931;CAPITAL_FEDERAL;50M+;CAPITAL_FEDERAL;400800;38;NO;NO;NO;NO;NO;M;SI
932;BUENOS_AIRES;30M-50M;ZONA_NORTE;406;40;NO;SI;NO;NO;NO;F;SI
933;BUENOS_AIRES;20M-30M;ZONA_NORTE;otros;45;NO;NO;NO;NO;NO;M;SI
934;BUENOS_AIRES;10M-20M;ZONA_OESTE;500807;60;SI;NO;NO;NO;NO;F;SI
935;CHUBUT;0M-10M;INTERIOR;otros;62;NO;NO;NO;NO;NO;F;NO
936;CAPITAL_FEDERAL;0M-10M;CAPITAL_FEDERAL;400909;46;NO;NO;NO;NO;NO;M;SI
937;BUENOS_AIRES;20M-30M;INTERIOR;otros;36;NO;SI;NO;NO;NO;M;SI
938;CAPITAL_FEDERAL;50M+;CAPITAL_FEDERAL;400800;37;NO;NO;NO;NO;NO;F;NO
939;BUENOS_AIRES;0M-10M;ZONA_OESTE;500807;77;SI;NO;NO;NO;NO;M;SI
940;BUENOS_AIRES;50M+;INTERIOR;otros;45;NO;SI;NO;NO;NO;M;SI
941;CAPITAL_FEDERAL;0M-10M;CAPITAL_FEDERAL;500807;54;SI;SI;NO;NO;NO;F;NO
942;CAPITAL_FEDERAL;20M-30M;CAPITAL_FEDERAL;otros;40;NO;SI;NO;NO;NO;F;SI
943;BUENOS_AIRES;20M-30M;ZONA_NORTE;otros;41;NO;SI;NO;NO;SI;M;SI
944;SAN_LUIS;0M-10M;INTERIOR;otros;49;NO;SI;NO;NO;NO;F;SI
945;CORDOBA;20M-30M;INTERIOR;otros;42;NO;SI;NO;NO;NO;M;SI
946;BUENOS_AIRES;20M-30M;ZONA_NORTE;otros;50;NO;SI;NO;NO;NO;M;SI
947;CAPITAL_FEDERAL;20M-30M;CAPITAL_FEDERAL;113809;79;NO;NO;NO;NO;NO;F;NO
948;CAPITAL_FEDERAL;0M-10M;CAPITAL_FEDERAL;otros;45;NO;SI;NO;NO;NO;F;NO
949;BUENOS_AIRES;0M-10M;ZONA_OESTE;otros;28;NO;NO;NO;NO;NO;M;SI
950;BUENOS_AIRES;30M-50M;INTERIOR;otros;50;NO;SI;SI;NO;NO;M;NO
951;SANTA_FE;20M-30M;INTERIOR;otros;50;NO;SI;NO;SI;SI;M;NO
952;CORDOBA;30M-50M;INTERIOR;400909;60;NO;SI;NO;NO;NO;F;SI
953;BUENOS_AIRES;20M-30M;INTERIOR;otros;50;NO;NO;NO;NO;NO;M;SI
954;BUENOS_AIRES;20M-30M;ZONA_OESTE;otros;47;NO;SI;SI;NO;SI;M;NO
955;SANTA_FE;20M-30M;INTERIOR;otros;62;NO;NO;NO;SI;NO;M;SI
956;BUENOS_AIRES;30M-50M;ZONA_SUR;otros;36;NO;NO;SI;NO;NO;F;NO
957;SANTA_FE;50M+;INTERIOR;otros;52;NO;SI;NO;NO;SI;M;SI
958;SANTA_FE;10M-20M;INTERIOR;500807;61;SI;SI;NO;NO;NO;F;NO
959;CHACO;10M-20M;INTERIOR;otros;40;NO;NO;SI;NO;SI;M;NO
960;SALTA;10M-20M;INTERIOR;otros;40;NO;SI;NO;NO;NO;M;SI
961;BUENOS_AIRES;10M-20M;INTERIOR;otros;37;NO;NO;NO;NO;NO;M;SI
962;BUENOS_AIRES;50M+;ZONA_NORTE;400800;44;NO;SI;NO;NO;NO;M;SI
963;BUENOS_AIRES;10M-20M;ZONA_SUR;otros;45;NO;NO;NO;NO;NO;F;NO
964;BUENOS_AIRES;30M-50M;ZONA_SUR;400800;41;NO;SI;NO;NO;NO;M;NO
965;BUENOS_AIRES;10M-20M;ZONA_OESTE;otros;40;NO;SI;NO;NO;SI;F;SI
966;FORMOSA;0M-10M;INTERIOR;500807;73;SI;NO;NO;NO;NO;M;SI
967;SANTA_FE;30M-50M;INTERIOR;otros;61;NO;SI;NO;NO;NO;M;SI
968;BUENOS_AIRES;20M-30M;INTERIOR;400800;35;NO;NO;SI;NO;NO;M;NO
969;BUENOS_AIRES;50M+;INTERIOR;400800;46;NO;SI;NO;NO;NO;F;SI
970;TUCUMAN;20M-30M;INTERIOR;otros;41;NO;SI;NO;NO;NO;M;SI
971;BUENOS_AIRES;10M-20M;ZONA_OESTE;otros;43;NO;SI;SI;NO;SI;F;NO
972;BUENOS_AIRES;10M-20M;ZONA_SUR;otros;48;NO;SI;NO;NO;NO;M;SI
973;TIERRA_DEL_FUEGO;20M-30M;INTERIOR;400800;31;NO;NO;NO;NO;NO;M;NO
974;CAPITAL_FEDERAL;10M-20M;CAPITAL_FEDERAL;otros;41;NO;SI;NO;NO;NO;M;SI
975;CAPITAL_FEDERAL;30M-50M;CAPITAL_FEDERAL;otros;53;NO;SI;NO;NO;NO;F;NO
976;CAPITAL_FEDERAL;10M-20M;CAPITAL_FEDERAL;113809;59;NO;NO;NO;NO;NO;M;SI
977;SANTA_FE;0M-10M;INTERIOR;otros;75;SI;NO;NO;NO;NO;M;NO
978;RIO_NEGRO;10M-20M;INTERIOR;otros;48;NO;SI;NO;NO;SI;M;SI
979;BUENOS_AIRES;0M-10M;INTERIOR;otros;59;NO;SI;NO;NO;NO;M;SI
980;CAPITAL_FEDERAL;0M-10M;CAPITAL_FEDERAL;otros;53;NO;NO;NO;NO;NO;F;SI
981;CAPITAL_FEDERAL;10M-20M;CAPITAL_FEDERAL;400909;57;NO;SI;NO;NO;NO;F;NO
982;CATAMARCA;0M-10M;INTERIOR;otros;48;NO;SI;NO;SI;SI;M;NO
